{"type": "FeatureCollection", "features": [{"type": "Feature", "properties": {}, "geometry": {"type": "LineString", "coordinates": [[16.974946, 58.68537], [16.953868, 58.669257], [16.924164, 58.625434], [16.578949, 58.647345], [16.233735, 58.669257], [16.233735, 58.661811], [16.24643, 58.658637], [16.257091, 58.65176], [16.261485, 58.643052], [16.254893, 58.634508], [16.239919, 58.63227], [16.197765, 58.637397], [16.17921, 58.634508], [16.17921, 58.628323], [16.191742, 58.631903], [16.203949, 58.633979], [16.214122, 58.631293], [16.220063, 58.620836], [16.240245, 58.628119], [16.285411, 58.615912], [16.306163, 58.624579], [16.320649, 58.636176], [16.333995, 58.639146], [16.346039, 58.63581], [16.367524, 58.621731], [16.371593, 58.620551], [16.372081, 58.617133], [16.371593, 58.603746], [16.376475, 58.59516], [16.387706, 58.59162], [16.400238, 58.592353], [16.40919, 58.596625], [16.416026, 58.609076], [16.421397, 58.624905], [16.428396, 58.63939], [16.439789, 58.648139], [16.453868, 58.645982], [16.504568, 58.630927], [16.517833, 58.624579], [16.635916, 58.626776], [16.6574, 58.622301], [16.676036, 58.610582], [16.689708, 58.605455], [16.730479, 58.602281], [16.748302, 58.592922], [16.746349, 58.597846], [16.7435, 58.609117], [16.741547, 58.614], [16.776866, 58.607652], [16.789317, 58.607164], [16.779633, 58.58869], [16.785981, 58.57274], [16.80421, 58.562079], [16.830333, 58.559394], [16.821056, 58.553534], [16.816661, 58.551947], [16.816661, 58.546373], [16.844005, 58.546373], [16.844005, 58.538886], [16.834158, 58.529527], [16.84669, 58.524359], [16.884939, 58.518459], [16.940196, 58.491116], [16.916189, 58.483466], [16.865896, 58.483059], [16.844005, 58.477484], [16.852875, 58.46308], [16.830333, 58.452094], [16.796397, 58.445136], [16.771983, 58.442694], [16.765473, 58.44066], [16.753591, 58.431464], [16.748302, 58.429023], [16.740977, 58.429633], [16.72755, 58.434882], [16.72047, 58.43651], [16.597911, 58.448635], [16.539724, 58.468166], [16.441417, 58.485989], [16.412608, 58.477484], [16.448253, 58.474799], [16.659516, 58.414781], [16.692556, 58.412746], [16.705577, 58.407701], [16.714854, 58.394965], [16.715017, 58.385728], [16.711436, 58.377387], [16.709646, 58.369127], [16.714854, 58.360175], [16.723399, 58.360745], [16.738943, 58.364936], [16.752289, 58.370063], [16.754568, 58.373765], [16.766612, 58.368598], [16.771251, 58.363105], [16.775076, 58.339667], [16.631684, 58.353949], [16.648123, 58.343248], [16.684744, 58.327867], [16.699962, 58.319159], [16.6963, 58.30858], [16.698497, 58.301703], [16.710785, 58.298733], [16.721853, 58.299872], [16.727061, 58.303616], [16.726736, 58.310004], [16.72047, 58.319159], [16.779307, 58.325588], [16.799164, 58.323635], [16.789317, 58.305569], [16.783946, 58.304145], [16.767345, 58.305976], [16.761404, 58.305569], [16.760509, 58.302436], [16.76002, 58.296332], [16.758637, 58.28974], [16.754568, 58.285102], [16.743012, 58.281317], [16.706798, 58.278266], [16.706798, 58.271389], [16.729503, 58.2685], [16.802989, 58.244696], [16.793305, 58.238837], [16.789317, 58.23725], [16.802582, 58.231024], [16.813731, 58.220404], [16.8213, 58.207099], [16.824067, 58.192857], [16.822276, 58.179633], [16.817068, 58.177191], [16.80836, 58.179877], [16.796153, 58.182034], [16.788259, 58.179267], [16.791515, 58.172919], [16.800466, 58.166083], [16.809825, 58.162095], [16.777192, 58.13052], [16.721446, 58.149848], [16.661876, 58.185533], [16.617442, 58.203111], [16.632091, 58.185736], [16.671886, 58.165269], [16.68629, 58.147895], [16.679698, 58.148261], [16.666026, 58.147406], [16.659516, 58.147895], [16.681651, 58.128241], [16.716075, 58.104153], [16.736095, 58.084784], [16.714854, 58.079576], [16.717621, 58.066799], [16.71225, 58.059516], [16.70102, 58.056952], [16.68629, 58.058539], [16.707367, 58.049872], [16.724864, 58.045844], [16.740245, 58.039781], [16.754568, 58.02497], [16.74643, 58.016588], [16.737804, 58.014228], [16.728852, 58.017279], [16.72047, 58.02497], [16.69158, 58.014838], [16.686778, 58.008734], [16.699962, 57.997707], [16.679047, 58.005113], [16.65797, 58.035346], [16.644705, 58.038642], [16.631196, 58.027899], [16.637218, 58.014472], [16.659516, 57.99022], [16.671641, 57.991767], [16.68629, 57.99022], [16.68686, 57.989244], [16.697602, 57.970649], [16.706391, 57.962104], [16.717621, 57.96662], [16.727794, 57.974066], [16.735362, 57.97191], [16.740001, 57.962104], [16.741547, 57.946194], [16.747244, 57.940416], [16.773936, 57.923407], [16.782481, 57.915107], [16.765391, 57.915229], [16.727306, 57.928778], [16.736176, 57.913764], [16.765391, 57.89883], [16.768809, 57.887844], [16.758149, 57.877021], [16.741059, 57.877183], [16.723399, 57.88349], [16.710785, 57.891262], [16.691173, 57.916205], [16.682872, 57.918891], [16.679454, 57.898383], [16.670746, 57.891425], [16.650564, 57.890855], [16.610606, 57.89468], [16.61378, 57.90351], [16.61378, 57.912095], [16.610362, 57.920559], [16.60377, 57.928778], [16.615001, 57.929592], [16.625662, 57.928371], [16.63559, 57.925482], [16.644705, 57.921332], [16.51531, 57.998847], [16.50587, 57.998236], [16.498302, 57.992987], [16.494477, 57.984036], [16.497244, 57.9772], [16.504568, 57.97016], [16.532074, 57.950263], [16.590099, 57.935614], [16.584809, 57.932603], [16.57488, 57.924384], [16.569591, 57.921332], [16.57602, 57.911282], [16.576996, 57.901923], [16.57252, 57.893948], [16.562755, 57.887844], [16.544119, 57.898912], [16.524587, 57.906317], [16.480805, 57.915107], [16.494477, 57.902086], [16.487071, 57.89468], [16.480154, 57.898261], [16.460297, 57.902086], [16.460297, 57.89468], [16.675466, 57.764472], [16.706798, 57.750637], [16.699962, 57.743842], [16.682953, 57.747301], [16.635102, 57.765692], [16.621104, 57.774237], [16.54184, 57.839016], [16.419444, 57.89468], [16.427582, 57.876899], [16.438975, 57.865383], [16.473399, 57.846869], [16.53004, 57.825263], [16.573253, 57.795356], [16.580903, 57.786933], [16.586762, 57.778876], [16.594493, 57.772895], [16.607188, 57.770494], [16.618175, 57.766588], [16.65268, 57.746324], [16.665212, 57.737006], [16.65211, 57.72956], [16.673025, 57.729722], [16.690766, 57.725653], [16.704845, 57.716783], [16.714854, 57.702826], [16.693126, 57.702826], [16.693126, 57.69599], [16.706798, 57.69599], [16.706798, 57.688544], [16.639171, 57.692328], [16.608897, 57.698717], [16.576996, 57.709662], [16.583995, 57.700385], [16.60255, 57.689032], [16.610606, 57.682359], [16.619965, 57.666653], [16.617686, 57.658271], [16.604828, 57.656806], [16.583263, 57.661933], [16.591807, 57.651679], [16.603282, 57.649115], [16.615082, 57.647895], [16.624848, 57.641425], [16.630544, 57.629096], [16.62615, 57.624579], [16.616547, 57.622382], [16.607188, 57.617174], [16.59783, 57.610297], [16.569998, 57.595689], [16.562755, 57.592963], [16.55714, 57.596869], [16.554942, 57.606187], [16.554942, 57.617377], [16.555919, 57.627143], [16.547618, 57.622219], [16.538829, 57.620673], [16.529796, 57.622382], [16.520518, 57.627143], [16.530528, 57.615465], [16.53533, 57.611477], [16.542247, 57.607327], [16.527354, 57.595445], [16.520518, 57.592963], [16.520518, 57.586127], [16.542247, 57.579291], [16.542247, 57.572496], [16.514985, 57.572496], [16.514985, 57.566311], [16.592459, 57.564846], [16.629161, 57.556871], [16.657563, 57.51553], [16.680349, 57.489651], [16.688975, 57.471747], [16.659516, 57.476264], [16.672211, 57.459662], [16.666759, 57.455268], [16.652192, 57.454535], [16.638438, 57.448961], [16.633311, 57.437079], [16.639008, 57.426703], [16.653005, 57.419013], [16.672618, 57.415473], [16.656016, 57.409247], [16.637218, 57.406195], [16.625743, 57.398993], [16.631684, 57.380764], [16.572602, 57.387437], [16.547618, 57.382514], [16.534841, 57.360256], [16.569591, 57.346584], [16.560232, 57.337388], [16.549571, 57.333157], [16.547374, 57.328803], [16.562755, 57.319281], [16.485199, 57.294623], [16.469086, 57.275377], [16.494477, 57.242906], [16.465994, 57.228013], [16.458181, 57.204006], [16.465017, 57.177314], [16.480805, 57.154771], [16.509451, 57.127346], [16.520518, 57.120063], [16.531016, 57.116929], [16.537283, 57.118232], [16.543142, 57.117987], [16.552501, 57.110093], [16.569591, 57.086493], [16.554454, 57.080756], [16.560557, 57.069281], [16.574474, 57.056098], [16.583263, 57.044908], [16.570486, 57.044338], [16.534841, 57.051744], [16.533376, 57.054429], [16.535004, 57.059068], [16.534841, 57.063463], [16.52768, 57.065375], [16.521251, 57.064399], [16.517833, 57.062079], [16.516124, 57.05976], [16.514985, 57.05858], [16.510753, 57.055976], [16.508556, 57.051011], [16.506847, 57.0456], [16.504405, 57.04149], [16.500336, 57.03974], [16.496837, 57.041449], [16.492686, 57.043891], [16.476329, 57.045844], [16.452403, 57.051418], [16.439789, 57.051744], [16.44752, 57.044379], [16.455333, 57.038398], [16.464041, 57.034003], [16.473399, 57.031236], [16.473399, 57.02383], [16.453136, 57.023505], [16.439789, 57.014106], [16.434906, 56.99787], [16.439789, 56.97663], [16.449718, 56.964504], [16.461436, 56.95661], [16.46811, 56.949286], [16.46339, 56.938463], [16.436371, 56.911119], [16.43629, 56.904771], [16.439952, 56.877834], [16.439789, 56.866848], [16.43629, 56.856879], [16.408946, 56.808417], [16.40797, 56.79914], [16.416026, 56.787991], [16.428559, 56.782945], [16.440766, 56.787055], [16.452403, 56.794135], [16.46339, 56.797838], [16.472504, 56.794379], [16.474457, 56.786322], [16.47169, 56.777411], [16.466563, 56.771186], [16.454845, 56.768297], [16.427582, 56.77558], [16.412608, 56.777411], [16.396821, 56.774807], [16.376231, 56.765692], [16.361095, 56.763739], [16.356619, 56.75845], [16.363048, 56.746487], [16.377778, 56.725898], [16.380626, 56.693793], [16.379161, 56.675605], [16.371593, 56.661322], [16.358653, 56.654446], [16.341563, 56.651272], [16.324962, 56.652167], [16.301117, 56.663275], [16.288259, 56.661322], [16.275645, 56.656562], [16.264903, 56.653876], [16.255219, 56.650377], [16.246349, 56.642401], [16.223643, 56.614203], [16.220958, 56.60871], [16.221202, 56.603746], [16.220063, 56.593004], [16.215505, 56.571723], [16.213227, 56.548407], [16.207042, 56.53852], [16.178722, 56.537055], [16.172374, 56.527289], [16.166026, 56.508002], [16.117686, 56.455268], [16.095225, 56.419379], [16.066254, 56.335964], [16.038259, 56.255072], [16.031505, 56.249823], [16.020356, 56.246405], [16.014496, 56.238267], [16.010427, 56.228258], [16.004405, 56.219428], [15.987804, 56.20775], [15.948985, 56.187445], [15.93214, 56.174709], [15.87436, 56.102729], [15.851736, 56.086371], [15.835134, 56.087958], [15.816742, 56.097846], [15.788748, 56.106431], [15.818696, 56.140041], [15.826508, 56.159369], [15.806163, 56.167914], [15.756684, 56.156724], [15.731212, 56.157213], [15.713634, 56.174709], [15.702485, 56.170233], [15.696788, 56.173163], [15.691742, 56.178616], [15.682384, 56.181545], [15.670177, 56.183539], [15.655772, 56.192572], [15.648204, 56.194566], [15.631521, 56.185736], [15.611827, 56.169257], [15.592133, 56.160549], [15.575938, 56.174709], [15.582856, 56.180813], [15.592296, 56.19245], [15.596202, 56.203762], [15.586436, 56.208889], [15.572765, 56.206285], [15.534923, 56.188381], [15.492931, 56.176337], [15.486583, 56.171332], [15.484874, 56.155666], [15.479991, 56.151842], [15.459809, 56.161078], [15.452322, 56.165961], [15.444021, 56.172838], [15.433279, 56.1789], [15.418224, 56.181545], [15.403982, 56.179755], [15.393403, 56.175116], [15.37672, 56.161078], [15.370372, 56.151435], [15.370128, 56.144924], [15.365571, 56.141099], [15.320974, 56.139635], [15.307302, 56.14175], [15.295258, 56.147406], [15.314708, 56.153388], [15.322602, 56.153632], [15.316742, 56.163275], [15.295258, 56.188381], [15.273774, 56.17121], [15.234548, 56.157213], [15.192393, 56.152899], [15.161876, 56.164496], [15.154307, 56.168647], [15.146332, 56.166938], [15.138682, 56.163153], [15.13087, 56.161078], [15.093028, 56.161078], [15.085216, 56.164618], [15.081716, 56.182074], [15.075531, 56.188381], [15.068696, 56.18773], [15.044281, 56.182278], [15.034679, 56.181545], [15.038259, 56.175442], [15.045258, 56.159613], [15.049001, 56.153632], [14.988455, 56.169176], [14.95338, 56.172919], [14.928233, 56.164496], [14.906016, 56.1612], [14.87322, 56.16474], [14.848155, 56.163967], [14.84962, 56.147406], [14.830251, 56.142646], [14.813324, 56.150092], [14.795746, 56.161282], [14.774587, 56.167914], [14.724946, 56.167629], [14.701345, 56.161363], [14.685802, 56.147406], [14.682953, 56.139065], [14.681, 56.127427], [14.682302, 56.117133], [14.688975, 56.112616], [14.70338, 56.109442], [14.710297, 56.101874], [14.714529, 56.092678], [14.719981, 56.084662], [14.748302, 56.060736], [14.757986, 56.048489], [14.767751, 56.030707], [14.756358, 56.027411], [14.743826, 56.02143], [14.732188, 56.014106], [14.723399, 56.006537], [14.715505, 56.002346], [14.71046, 56.006578], [14.70574, 56.017035], [14.685802, 56.017035], [14.679047, 56.009263], [14.673025, 56.005316], [14.664724, 56.006537], [14.6574, 56.009263], [14.64975, 56.010321], [14.621837, 56.010159], [14.611501, 56.011135], [14.609711, 56.015326], [14.62379, 56.024482], [14.615245, 56.030178], [14.607677, 56.037014], [14.603038, 56.045966], [14.603282, 56.058051], [14.582205, 56.043769], [14.5713, 56.050849], [14.566742, 56.055609], [14.569102, 56.058051], [14.556651, 56.055365], [14.533458, 56.045844], [14.524425, 56.043769], [14.497406, 56.040473], [14.478852, 56.031684], [14.445567, 56.002753], [14.407725, 55.977037], [14.38559, 55.966254], [14.366466, 55.961859], [14.346446, 55.953315], [14.333344, 55.934516], [14.323253, 55.915717], [14.311534, 55.907172], [14.271007, 55.894477], [14.234711, 55.862698], [14.208507, 55.821275], [14.198497, 55.779975], [14.194184, 55.741889], [14.195811, 55.725653], [14.205903, 55.708564], [14.222504, 55.696845], [14.261078, 55.680162], [14.273692, 55.667629], [14.27589, 55.656806], [14.275076, 55.646145], [14.276052, 55.634996], [14.284516, 55.622952], [14.29477, 55.61518], [14.316661, 55.602362], [14.358165, 55.563666], [14.367524, 55.545396], [14.363048, 55.523627], [14.348806, 55.510565], [14.294688, 55.475531], [14.27711, 55.468411], [14.264903, 55.461249], [14.219005, 55.413764], [14.199718, 55.398993], [14.181163, 55.390815], [14.158376, 55.387193], [14.094086, 55.387397], [14.06422, 55.390774], [14.035411, 55.397121], [13.956228, 55.426825], [13.930024, 55.432766], [13.897227, 55.434882], [13.882335, 55.433051], [13.856781, 55.424384], [13.842296, 55.42121], [13.828136, 55.421332], [13.780284, 55.427436], [13.647309, 55.42121], [13.629568, 55.41828], [13.618175, 55.410956], [13.608653, 55.401801], [13.595958, 55.393256], [13.580821, 55.388821], [13.537852, 55.393256], [13.503429, 55.388373], [13.410899, 55.352281], [13.381358, 55.346015], [13.312511, 55.342678], [13.280528, 55.345445], [13.115489, 55.380276], [13.061534, 55.381252], [13.041759, 55.385443], [13.030772, 55.38642], [13.024913, 55.388251], [13.008637, 55.396918], [13.000011, 55.400092], [12.979177, 55.403266], [12.958344, 55.400092], [12.947276, 55.396226], [12.932628, 55.388007], [12.920909, 55.38642], [12.910411, 55.387519], [12.897146, 55.392157], [12.886729, 55.393256], [12.867198, 55.388861], [12.847423, 55.382025], [12.832774, 55.382554], [12.828787, 55.400092], [12.859386, 55.434882], [12.866222, 55.435004], [12.871837, 55.434394], [12.87794, 55.431383], [12.886729, 55.424302], [12.904633, 55.417955], [12.929698, 55.418769], [12.952891, 55.424994], [12.965831, 55.434882], [12.959972, 55.447903], [12.963227, 55.45425], [12.972911, 55.454169], [12.985688, 55.447903], [12.975841, 55.475043], [12.928477, 55.520006], [12.917491, 55.547187], [12.929373, 55.578925], [12.958344, 55.598131], [13.027354, 55.626654], [13.038341, 55.635199], [13.04949, 55.647121], [13.057953, 55.660712], [13.061371, 55.674465], [13.054861, 55.694037], [13.040538, 55.70539], [13.026378, 55.712388], [13.011485, 55.72842], [12.992931, 55.725775], [12.974376, 55.726467], [12.965831, 55.746161], [12.941173, 55.745347], [12.922618, 55.749457], [12.911306, 55.763861], [12.923839, 55.765286], [12.931895, 55.769477], [12.936534, 55.777411], [12.93865, 55.790473], [12.926036, 55.834052], [12.891287, 55.853583], [12.850759, 55.865668], [12.8213, 55.886705], [12.810802, 55.902248], [12.80836, 55.910142], [12.807628, 55.924628], [12.804942, 55.929267], [12.798513, 55.934801], [12.790538, 55.939399], [12.783702, 55.941352], [12.770763, 55.948432], [12.764659, 55.964789], [12.76002, 55.983222], [12.752289, 55.996568], [12.734874, 56.006171], [12.719493, 56.012152], [12.708751, 56.021308], [12.7046, 56.040676], [12.698009, 56.0515], [12.609548, 56.116523], [12.602224, 56.123196], [12.564626, 56.171698], [12.553722, 56.181545], [12.544607, 56.213202], [12.540782, 56.22248], [12.516449, 56.252183], [12.504568, 56.275336], [12.464854, 56.291693], [12.451427, 56.304429], [12.646251, 56.25727], [12.653656, 56.253974], [12.666189, 56.239447], [12.673839, 56.236151], [12.681651, 56.234036], [12.696625, 56.224595], [12.704845, 56.22248], [12.71339, 56.223578], [12.727387, 56.228217], [12.735606, 56.229315], [12.777599, 56.226508], [12.796886, 56.228095], [12.814464, 56.236151], [12.827403, 56.249945], [12.833507, 56.265692], [12.829438, 56.278551], [12.783458, 56.293402], [12.76295, 56.315375], [12.731781, 56.359687], [12.643809, 56.396064], [12.621593, 56.419338], [12.656912, 56.455268], [12.713715, 56.467353], [12.833263, 56.442572], [12.890147, 56.455268], [12.90447, 56.467027], [12.920421, 56.485297], [12.93336, 56.506537], [12.93865, 56.527289], [12.934418, 56.547065], [12.903819, 56.593004], [12.886078, 56.637152], [12.871755, 56.649482], [12.842052, 56.653876], [12.818044, 56.652533], [12.778168, 56.644232], [12.76238, 56.643297], [12.746837, 56.644232], [12.731781, 56.64704], [12.679861, 56.679592], [12.670421, 56.692084], [12.664317, 56.714301], [12.649262, 56.725165], [12.631358, 56.734036], [12.615733, 56.750067], [12.594737, 56.787991], [12.600352, 56.809882], [12.598318, 56.82099], [12.533865, 56.84634], [12.529552, 56.849677], [12.528819, 56.853583], [12.528819, 56.857327], [12.527029, 56.859931], [12.520518, 56.862006], [12.504242, 56.864732], [12.499197, 56.866848], [12.479991, 56.886379], [12.469574, 56.892035], [12.437348, 56.896186], [12.411876, 56.905585], [12.375011, 56.912055], [12.356456, 56.923814], [12.345225, 56.941352], [12.342133, 56.962958], [12.344249, 56.967922], [12.353038, 56.976752], [12.355154, 56.979722], [12.354259, 56.985663], [12.349864, 56.995429], [12.348888, 57.000556], [12.346853, 57.006293], [12.340994, 57.014065], [12.333263, 57.020901], [12.301768, 57.029242], [12.271251, 57.042873], [12.247406, 57.060736], [12.245291, 57.079047], [12.237966, 57.081366], [12.218598, 57.092719], [12.237641, 57.108059], [12.233409, 57.121487], [12.204356, 57.147935], [12.20102, 57.155707], [12.197927, 57.175767], [12.197439, 57.184882], [12.191417, 57.185289], [12.160981, 57.184149], [12.149099, 57.1883], [12.180512, 57.204169], [12.191254, 57.212592], [12.180675, 57.216254], [12.157725, 57.216864], [12.138357, 57.219672], [12.120372, 57.225898], [12.101329, 57.236721], [12.129242, 57.236721], [12.142914, 57.238715], [12.156505, 57.242906], [12.142426, 57.247952], [12.127289, 57.250067], [12.095063, 57.250393], [12.095063, 57.257148], [12.105479, 57.263007], [12.112315, 57.269761], [12.119884, 57.275336], [12.142589, 57.279975], [12.147227, 57.285468], [12.147227, 57.292222], [12.142833, 57.298163], [12.144054, 57.310126], [12.136974, 57.319525], [12.125743, 57.326809], [12.115001, 57.332343], [12.112478, 57.335191], [12.109386, 57.340033], [12.104991, 57.34455], [12.098155, 57.346584], [12.089854, 57.34516], [12.073904, 57.33983], [12.067149, 57.339789], [12.049815, 57.351142], [12.063731, 57.363593], [12.089854, 57.377875], [12.108735, 57.394355], [12.060313, 57.394355], [12.082693, 57.402289], [12.092052, 57.411363], [12.089854, 57.423041], [12.059255, 57.458808], [12.053477, 57.462633], [12.04363, 57.461819], [12.036632, 57.456977], [12.030121, 57.451565], [12.022716, 57.448961], [12.006602, 57.434149], [11.992931, 57.366034], [11.979015, 57.346584], [11.972179, 57.364081], [11.949962, 57.360826], [11.933604, 57.360826], [11.944835, 57.3876], [11.933604, 57.386908], [11.922699, 57.387397], [11.912608, 57.389716], [11.903331, 57.394355], [11.915212, 57.403388], [11.913748, 57.416653], [11.906993, 57.43244], [11.903331, 57.448961], [11.907074, 57.465277], [11.916352, 57.476264], [11.929698, 57.483832], [11.944835, 57.489936], [11.927745, 57.497952], [11.910167, 57.503607], [11.916759, 57.504706], [11.931163, 57.511054], [11.910167, 57.52147], [11.903331, 57.524115], [11.917654, 57.539537], [11.911469, 57.595282], [11.91684, 57.620917], [11.912852, 57.622952], [11.901866, 57.62637], [11.897146, 57.627143], [11.891856, 57.612982], [11.879649, 57.606187], [11.867361, 57.607408], [11.861583, 57.617174], [11.858084, 57.632636], [11.84962, 57.643256], [11.840587, 57.652004], [11.834972, 57.661933], [11.844574, 57.68301], [11.909516, 57.686835], [11.923676, 57.702826], [11.90211, 57.696234], [11.87436, 57.693264], [11.845876, 57.693305], [11.8213, 57.69599], [11.770518, 57.712226], [11.747732, 57.713609], [11.751801, 57.69599], [11.738048, 57.693264], [11.719737, 57.693508], [11.705414, 57.698432], [11.703949, 57.709662], [11.706309, 57.721991], [11.801524, 57.774237], [11.810395, 57.781399], [11.807872, 57.788072], [11.789399, 57.790269], [11.766856, 57.788804], [11.751801, 57.784817], [11.727306, 57.803046], [11.707856, 57.823147], [11.686778, 57.837633], [11.656261, 57.839423], [11.678396, 57.853746], [11.690766, 57.858588], [11.703949, 57.8605], [11.693614, 57.881171], [11.707286, 57.891425], [11.759288, 57.902086], [11.759288, 57.908271], [11.745616, 57.908271], [11.745616, 57.915107], [11.755382, 57.917141], [11.759451, 57.919013], [11.766124, 57.928778], [11.736583, 57.938666], [11.743663, 57.955715], [11.787283, 57.997707], [11.800141, 58.022284], [11.802908, 58.036566], [11.79713, 58.048896], [11.787771, 58.058987], [11.78297, 58.069159], [11.786306, 58.078599], [11.800955, 58.086412], [11.797699, 58.090277], [11.796153, 58.093329], [11.793468, 58.100084], [11.818126, 58.103176], [11.828461, 58.121243], [11.837413, 58.187161], [11.841319, 58.193793], [11.852061, 58.196275], [11.865408, 58.196723], [11.875743, 58.199164], [11.8838, 58.205268], [11.889659, 58.216783], [11.873709, 58.215399], [11.860606, 58.218411], [11.851817, 58.22663], [11.844574, 58.253363], [11.834809, 58.261705], [11.823416, 58.268988], [11.813813, 58.278266], [11.80893, 58.302191], [11.825938, 58.316555], [11.882823, 58.332831], [11.870372, 58.345364], [11.849457, 58.342678], [11.806977, 58.326606], [11.751801, 58.329779], [11.726736, 58.327094], [11.725759, 58.312974], [11.711436, 58.307563], [11.678966, 58.30744], [11.628673, 58.28148], [11.618907, 58.278266], [11.612804, 58.274359], [11.590994, 58.256334], [11.581065, 58.250922], [11.567068, 58.249213], [11.552013, 58.250312], [11.537771, 58.253485], [11.52589, 58.257758], [11.530447, 58.252753], [11.539561, 58.23725], [11.50587, 58.243069], [11.496593, 58.258368], [11.503673, 58.280219], [11.519054, 58.305569], [11.541759, 58.333564], [11.567393, 58.355048], [11.622081, 58.388129], [11.607758, 58.394965], [11.621755, 58.405992], [11.636974, 58.41356], [11.669932, 58.422187], [11.652599, 58.437405], [11.628917, 58.431342], [11.605317, 58.415473], [11.588634, 58.401109], [11.57838, 58.41413], [11.559255, 58.44831], [11.553233, 58.463202], [11.547048, 58.463202], [11.553477, 58.433987], [11.551768, 58.399359], [11.541677, 58.364936], [11.522472, 58.336249], [11.494965, 58.312486], [11.465994, 58.294135], [11.396169, 58.264594], [11.405121, 58.279202], [11.416189, 58.290351], [11.428966, 58.298977], [11.44337, 58.305569], [11.44337, 58.312974], [11.428071, 58.311835], [11.399181, 58.302965], [11.389334, 58.305569], [11.3838, 58.318183], [11.389496, 58.329088], [11.401052, 58.336819], [11.413259, 58.339667], [11.448578, 58.341742], [11.441254, 58.349066], [11.422862, 58.363837], [11.424083, 58.388129], [11.406993, 58.387356], [11.397716, 58.378852], [11.391124, 58.366441], [11.382498, 58.353949], [11.370616, 58.34748], [11.355317, 58.343899], [11.345876, 58.346015], [11.35141, 58.357082], [11.385916, 58.398017], [11.407237, 58.418362], [11.415701, 58.4289], [11.424083, 58.442694], [11.415212, 58.431952], [11.372406, 58.399888], [11.355968, 58.392727], [11.348399, 58.388129], [11.345063, 58.383857], [11.337657, 58.371894], [11.334158, 58.367621], [11.306814, 58.360053], [11.279145, 58.366156], [11.253591, 58.365912], [11.2317, 58.339667], [11.220876, 58.346259], [11.219574, 58.352729], [11.222667, 58.360419], [11.224864, 58.370673], [11.22169, 58.379584], [11.204356, 58.401109], [11.208995, 58.418931], [11.223399, 58.424872], [11.259044, 58.422187], [11.251475, 58.442328], [11.261241, 58.452216], [11.278575, 58.459052], [11.293712, 58.470038], [11.25766, 58.482164], [11.252208, 58.487372], [11.250011, 58.493232], [11.240733, 58.502183], [11.238536, 58.50788], [11.240733, 58.512519], [11.245372, 58.516303], [11.250011, 58.5185], [11.252208, 58.518459], [11.25294, 58.548245], [11.255626, 58.555732], [11.264985, 58.562893], [11.273285, 58.56623], [11.280528, 58.570299], [11.286306, 58.579901], [11.265798, 58.579901], [11.269786, 58.592231], [11.264822, 58.596747], [11.257009, 58.599677], [11.252208, 58.607164], [11.252778, 58.616034], [11.259044, 58.6258], [11.259044, 58.634508], [11.249848, 58.648912], [11.210623, 58.679185], [11.214122, 58.69892], [11.218028, 58.707953], [11.212413, 58.710354], [11.18686, 58.710191], [11.177419, 58.718573], [11.178559, 58.736477], [11.189789, 58.752997], [11.210623, 58.757392], [11.206879, 58.770941], [11.212657, 58.779446], [11.222667, 58.787543], [11.2317, 58.799628], [11.233409, 58.808173], [11.2317, 58.843695], [11.226329, 58.848944], [11.21461, 58.851264], [11.202891, 58.854926], [11.197602, 58.864163], [11.197602, 58.887885], [11.195567, 58.898383], [11.190115, 58.908271], [11.193207, 58.912177], [11.194998, 58.915229], [11.197602, 58.922512], [11.146739, 58.93122], [11.119884, 58.940863], [11.108165, 58.953559], [11.117442, 58.968817], [11.138927, 58.978339], [11.183849, 58.9914], [11.141775, 58.989569], [11.122813, 58.994086], [11.115001, 59.008205], [11.119395, 59.020819], [11.129405, 59.031195], [11.193614, 59.080146], [11.220063, 59.090155], [11.320974, 59.099514], [11.354666, 59.09162], [11.368907, 59.063056], [11.376231, 59.041693], [11.393809, 59.019436], [11.414073, 59.001125], [11.429698, 58.9914], [11.437511, 58.9914], [11.437511, 58.991726], [11.437755, 58.998236], [11.403575, 59.03856], [11.399587, 59.047675], [11.393809, 59.070014], [11.389334, 59.080756], [11.370453, 59.100653], [11.344574, 59.111396], [11.313813, 59.11518], [11.216563, 59.110419], [11.182384, 59.116034], [11.170177, 59.134752], [11.174653, 59.140937], [11.183116, 59.14289], [11.200938, 59.142239], [11.206716, 59.145697], [11.201671, 59.152533], [11.193614, 59.157538], [11.190115, 59.155219], [11.183116, 59.160061], [11.178559, 59.164984], [11.176443, 59.172309], [11.177989, 59.180732], [11.180512, 59.184272], [11.181, 59.188056], [11.176443, 59.196845], [11.166677, 59.192125], [11.135509, 59.183173], [11.150157, 59.175198], [11.153087, 59.162543], [11.147309, 59.14997], [11.135509, 59.142239], [11.118826, 59.142279], [11.107107, 59.150702], [11.087738, 59.175767], [11.097341, 59.148505], [11.099132, 59.134182], [11.091075, 59.127997], [11.032481, 59.127997], [11.039806, 59.143744], [11.026703, 59.151842], [11.007823, 59.159125], [10.998302, 59.172309], [10.989431, 59.175686], [10.948497, 59.183336], [10.936209, 59.183173], [10.944835, 59.164862], [10.944021, 59.149319], [10.934093, 59.140367], [10.916352, 59.142239], [10.907888, 59.149848], [10.900645, 59.164008], [10.897716, 59.180894], [10.90211, 59.196845], [10.882823, 59.18769], [10.872569, 59.184475], [10.861501, 59.183173], [10.850271, 59.180365], [10.848399, 59.173814], [10.847992, 59.166571], [10.841156, 59.161444], [10.822927, 59.163967], [10.802013, 59.188788], [10.779145, 59.189399], [10.317149, 59.179592], [10.313162, 59.159369], [10.311778, 59.139716], [10.313731, 59.127997], [10.289806, 59.134589], [10.286957, 59.114895], [10.295909, 59.084703], [10.306895, 59.059719], [10.292654, 59.070136], [10.286632, 59.084296], [10.281993, 59.099677], [10.272146, 59.114325], [10.268077, 59.094672], [10.269542, 59.047797], [10.262462, 59.03856], [10.260102, 59.049994], [10.23113, 59.114325], [10.224376, 59.114325], [10.222667, 59.100898], [10.212738, 59.078111], [10.211274, 59.066555], [10.216563, 59.058905], [10.225922, 59.050238], [10.232188, 59.040351], [10.227794, 59.028957], [10.207042, 59.016425], [10.174978, 59.005316], [10.140798, 58.999945], [10.114513, 59.005072], [10.125662, 59.014553], [10.161876, 59.027533], [10.169688, 59.035468], [10.163422, 59.052314], [10.148774, 59.051581], [10.117931, 59.03856], [10.10377, 59.035386], [10.076508, 59.021308], [10.059418, 59.018134], [10.053722, 59.022854], [10.033458, 59.031073], [10.016775, 59.033677], [10.033376, 58.993476], [10.014822, 58.973131], [9.983653, 58.960883], [9.957367, 58.956692], [9.846202, 58.955634], [9.812185, 58.963446], [9.838878, 58.971869], [9.845225, 58.989325], [9.836762, 59.009345], [9.819591, 59.02558], [9.781749, 59.051174], [9.765961, 59.052395], [9.758149, 59.032375], [9.748871, 59.037909], [9.723969, 59.059719], [9.718923, 59.06151], [9.712087, 59.062323], [9.706065, 59.064276], [9.703461, 59.069973], [9.704112, 59.084296], [9.703461, 59.086982], [9.688487, 59.090766], [9.685395, 59.080064], [9.68629, 59.062649], [9.683116, 59.046047], [9.66863, 59.051459], [9.660981, 59.056301], [9.648936, 59.07331], [9.645274, 59.083686], [9.644867, 59.093899], [9.641368, 59.102444], [9.628429, 59.1081], [9.640473, 59.11758], [9.639822, 59.127265], [9.630626, 59.131415], [9.600922, 59.115668], [9.539073, 59.120551], [9.559093, 59.102362], [9.621349, 59.075263], [9.634613, 59.049465], [9.654145, 59.037299], [9.694347, 59.029486], [9.726817, 59.015204], [9.723969, 58.983954], [9.717784, 58.983954], [9.714854, 58.988593], [9.708669, 58.993394], [9.703461, 58.998236], [9.695649, 58.987372], [9.684744, 58.983466], [9.655772, 58.983954], [9.655772, 58.977118], [9.667491, 58.976142], [9.677501, 58.972602], [9.685069, 58.966254], [9.689789, 58.956692], [9.663341, 58.958808], [9.594249, 58.94302], [9.594249, 58.936184], [9.598318, 58.934556], [9.607921, 58.928697], [9.575938, 58.921454], [9.470063, 58.928697], [9.508637, 58.910834], [9.523936, 58.900051], [9.511485, 58.895209], [9.471528, 58.900824], [9.455903, 58.897691], [9.450369, 58.881537], [9.428071, 58.893134], [9.399425, 58.898505], [9.37379, 58.895413], [9.360199, 58.881537], [9.381521, 58.887681], [9.394216, 58.889879], [9.402029, 58.888373], [9.403656, 58.880927], [9.398936, 58.874213], [9.391287, 58.869208], [9.384532, 58.867255], [9.339529, 58.862616], [9.318533, 58.866034], [9.298839, 58.881537], [9.2942, 58.868354], [9.270844, 58.833157], [9.282725, 58.833075], [9.302989, 58.827216], [9.312511, 58.826321], [9.32309, 58.828599], [9.354177, 58.839993], [9.379649, 58.844184], [9.403168, 58.844062], [9.426117, 58.840155], [9.450369, 58.833157], [9.436209, 58.820299], [9.38795, 58.803371], [9.367035, 58.792182], [9.367035, 58.792182], [9.367035, 58.792182], [9.388438, 58.794379], [9.408702, 58.799628], [9.408702, 58.792182], [9.392345, 58.78734], [9.370942, 58.778022], [9.35141, 58.76553], [9.340505, 58.751166], [9.306488, 58.738715], [9.249278, 58.733588], [9.080089, 58.744371], [9.070974, 58.741197], [9.062348, 58.734117], [9.058442, 58.727037], [9.062999, 58.723822], [9.143565, 58.709784], [9.169119, 58.716457], [9.114268, 58.731106], [9.100841, 58.737535], [9.214692, 58.721625], [9.216319, 58.702786], [9.186697, 58.691596], [9.095063, 58.690253], [9.059337, 58.682929], [9.089122, 58.683254], [9.156016, 58.688544], [9.182872, 58.686347], [9.200531, 58.672349], [9.190196, 58.664862], [9.152215, 58.643274], [9.08918, 58.614417], [9.033837, 58.594754], [8.990977, 58.600328], [8.985606, 58.597235], [8.981781, 58.592515], [8.977712, 58.588446], [8.971202, 58.586737], [8.963878, 58.58869], [8.955089, 58.597398], [8.949474, 58.600328], [8.925304, 58.607001], [8.913341, 58.606879], [8.918712, 58.596625], [8.940603, 58.586656], [8.948904, 58.579657], [8.9463, 58.569322], [8.950094, 58.547184], [8.94388, 58.525985], [8.928076, 58.513486], [8.909419, 58.500892], [8.847289, 58.46739], [8.823519, 58.452818], [8.794257, 58.440379], [8.777451, 58.434087], [8.754104, 58.427587], [8.740175, 58.415637], [8.7328, 58.403896], [8.714523, 58.3918], [8.707295, 58.378911], [8.682791, 58.370795], [8.668712, 58.367906], [8.652843, 58.3664], [8.641612, 58.363918], [8.634044, 58.35692], [8.627452, 58.347642], [8.619395, 58.33869], [8.60727, 58.332831], [8.594981, 58.331448], [8.58839, 58.334174], [8.587738, 58.341539], [8.579356, 58.34748], [8.545258, 58.312974], [8.513438, 58.293362], [8.506358, 58.283108], [8.518077, 58.271389], [8.501231, 58.257229], [8.479259, 58.259263], [8.455821, 58.264065], [8.435395, 58.257758], [8.423513, 58.270209], [8.409353, 58.27204], [8.400564, 58.265815], [8.404796, 58.25434], [8.406261, 58.244208], [8.388927, 58.241889], [8.353526, 58.244696], [8.344981, 58.2414], [8.317231, 58.225816], [8.308849, 58.219875], [8.295258, 58.212714], [8.259288, 58.207506], [8.243663, 58.203111], [8.251313, 58.20246], [8.264903, 58.19892], [8.271739, 58.196275], [8.257579, 58.178656], [8.248871, 58.171332], [8.227224, 58.163153], [8.22462, 58.156928], [8.222504, 58.151679], [8.222423, 58.140123], [8.223155, 58.134833], [8.201915, 58.122992], [8.18629, 58.13288], [8.172699, 58.146145], [8.15797, 58.144477], [8.136729, 58.114976], [8.122895, 58.102037], [8.109874, 58.103461], [8.098481, 58.108385], [8.065766, 58.110338], [8.052501, 58.113186], [8.047048, 58.116889], [8.035492, 58.130113], [8.024587, 58.141059], [8.053477, 58.148179], [8.067556, 58.153632], [8.079845, 58.162095], [8.060069, 58.177395], [8.045746, 58.204006], [8.029552, 58.22484], [8.00408, 58.223049], [8.022146, 58.202826], [8.027599, 58.183173], [8.022309, 58.163764], [8.007498, 58.144477], [7.953624, 58.124701], [7.934093, 58.109442], [7.956309, 58.093248], [7.915782, 58.081855], [7.755219, 58.070014], [7.71518, 58.060614], [7.695974, 58.058539], [7.66391, 58.067288], [7.653575, 58.064643], [7.660899, 58.045478], [7.642751, 58.045844], [7.634613, 58.047797], [7.62672, 58.052314], [7.629242, 58.031236], [7.614757, 58.022121], [7.594086, 58.026353], [7.578868, 58.045478], [7.57488, 58.03205], [7.575206, 58.026068], [7.578868, 58.017524], [7.390636, 58.017524], [7.267589, 58.035956], [7.253429, 58.043647], [7.249848, 58.058539], [7.19044, 58.041978], [7.174978, 58.031195], [7.166352, 58.046088], [7.155528, 58.050279], [7.082774, 58.036851], [7.078787, 58.03266], [7.078949, 58.028062], [7.078624, 58.02497], [7.076915, 58.01968], [7.077485, 58.012641], [7.07602, 58.006537], [7.06837, 58.003892], [7.060313, 58.003241], [7.023123, 57.994818], [7.006602, 57.99315], [6.997244, 57.997138], [7.003591, 58.011379], [6.99936, 58.030707], [7.022472, 58.043362], [7.053884, 58.052639], [7.075206, 58.062242], [7.087738, 58.070624], [7.097423, 58.068427], [7.106212, 58.062079], [7.116222, 58.058539], [7.124522, 58.063381], [7.14031, 58.086249], [7.147472, 58.093248], [7.147472, 58.100084], [7.127615, 58.097561], [7.064708, 58.078111], [7.051443, 58.069037], [7.034923, 58.062323], [6.958751, 58.045111], [6.935313, 58.045478], [6.952485, 58.058092], [6.979503, 58.088935], [6.996104, 58.100084], [6.980317, 58.105373], [6.923676, 58.065253], [6.900564, 58.052314], [6.9074, 58.064154], [6.91212, 58.075019], [6.912852, 58.086412], [6.90797, 58.100084], [6.895844, 58.095893], [6.87908, 58.083726], [6.866384, 58.079576], [6.851329, 58.080064], [6.832205, 58.084296], [6.814464, 58.091254], [6.80421, 58.100084], [6.848155, 58.11518], [6.870779, 58.119208], [6.949962, 58.120917], [6.974783, 58.126776], [6.989268, 58.141059], [6.958995, 58.140082], [6.904145, 58.131049], [6.87379, 58.134833], [6.848969, 58.147528], [6.801524, 58.179348], [6.777599, 58.182034], [6.812836, 58.128241], [6.807953, 58.120551], [6.757335, 58.11636], [6.731456, 58.119859], [6.715587, 58.134833], [6.727306, 58.145209], [6.727306, 58.157538], [6.723318, 58.172268], [6.722423, 58.189439], [6.699474, 58.136461], [6.688243, 58.120551], [6.70338, 58.120429], [6.710623, 58.115465], [6.715343, 58.107896], [6.722423, 58.100084], [6.733165, 58.094143], [6.753591, 58.086575], [6.774262, 58.073961], [6.783214, 58.06981], [6.782563, 58.065334], [6.763927, 58.058539], [6.75408, 58.058092], [6.733653, 58.064276], [6.722667, 58.065985], [6.6185, 58.068305], [6.595876, 58.075873], [6.542003, 58.107652], [6.530528, 58.120551], [6.550304, 58.12287], [6.568126, 58.131781], [6.580903, 58.146308], [6.585785, 58.165269], [6.597016, 58.1765], [6.653005, 58.177924], [6.674571, 58.182034], [6.66033, 58.188137], [6.654063, 58.189439], [6.675141, 58.206977], [6.725271, 58.221625], [6.76588, 58.246283], [6.845958, 58.271389], [6.828461, 58.274726], [6.802989, 58.270453], [6.756847, 58.25434], [6.698497, 58.224555], [6.681407, 58.223049], [6.668712, 58.231513], [6.639334, 58.264106], [6.633637, 58.274848], [6.640147, 58.293769], [6.656261, 58.302802], [6.676443, 58.302191], [6.695079, 58.291897], [6.708751, 58.312974], [6.687266, 58.327338], [6.664073, 58.323717], [6.64088, 58.316352], [6.619965, 58.319159], [6.619802, 58.264635], [6.626231, 58.244696], [6.562348, 58.243109], [6.499278, 58.262885], [6.400628, 58.272229], [6.347515, 58.285851], [6.291759, 58.308661], [6.280772, 58.312974], [6.265961, 58.314276], [6.24822, 58.317816], [6.231212, 58.323147], [6.219005, 58.329779], [6.20338, 58.335517], [6.14031, 58.339667], [6.084972, 58.360175], [6.061697, 58.374701], [6.050629, 58.379462], [6.021169, 58.382148], [6.010102, 58.384914], [6.001475, 58.390123], [6.09254, 58.847235], [6.135102, 58.839586], [6.228852, 58.839993], [6.206228, 58.849026], [6.118988, 58.853583], [6.10255, 58.859768], [6.082042, 58.870795], [6.064789, 58.885403], [6.057628, 58.902045], [6.063731, 58.913642], [6.077891, 58.92829], [6.105317, 58.950385], [6.126475, 58.962104], [6.194835, 58.983954], [6.626231, 59.052802], [6.626231, 59.059719], [6.352061, 59.033026], [6.298676, 59.015123], [6.160411, 58.998236], [6.126801, 58.98371], [6.033865, 58.905178], [6.006358, 58.991034], [6.031912, 58.992906], [6.050792, 58.998236], [6.037446, 59.002834], [6.02003, 59.019965], [6.009125, 59.02558], [6.021821, 59.126125], [6.050792, 59.134752], [6.108409, 59.142524], [6.126475, 59.148424], [6.089366, 59.152899], [6.039317, 59.147447], [6.0088, 59.149359], [6.030447, 59.175767]]}}, {"type": "Feature", "properties": {}, "geometry": {"type": "LineString", "coordinates": [[6.077322, 53.408922], [6.186046, 53.410997], [6.273936, 53.412665], [6.284353, 53.410549], [6.301931, 53.401109], [6.311534, 53.398993], [6.320079, 53.400702], [6.345551, 53.412665], [6.494395, 53.438707], [6.730235, 53.460639], [6.829112, 53.450588], [6.849783, 53.444892], [6.866873, 53.434272], [6.900564, 53.351793], [6.905772, 53.350491], [6.930024, 53.340074], [6.931895, 53.337592], [6.936697, 53.335395], [6.941661, 53.330715], [6.948578, 53.326077], [6.980154, 53.31977], [7.02003, 53.306138], [7.037771, 53.309638], [7.046235, 53.30386], [7.058279, 53.301947], [7.070079, 53.303941], [7.078624, 53.309638], [7.08546, 53.309638], [7.08546, 53.302802], [7.254731, 53.319525], [7.268321, 53.323676], [7.291515, 53.32392], [7.313162, 53.320502], [7.347667, 53.307359], [7.366547, 53.302802], [7.34254, 53.324042], [7.302908, 53.33275], [7.075206, 53.337592], [7.038259, 53.348578], [7.023611, 53.37641], [7.023285, 53.450507], [7.02768, 53.467353], [7.047048, 53.497707], [7.051443, 53.5126], [7.059744, 53.521715], [7.079356, 53.521552], [7.11964, 53.516303], [7.125011, 53.524359], [7.134532, 53.527411], [7.141775, 53.537177], [7.139985, 53.549791], [7.131114, 53.556952], [7.101899, 53.565741], [7.088878, 53.573717], [7.086762, 53.586859], [7.100922, 53.597886], [7.133149, 53.611274], [7.169444, 53.635484], [7.188975, 53.6435], [7.226085, 53.66649], [7.305024, 53.684801], [7.458832, 53.695136], [7.469574, 53.690741], [7.480235, 53.682034], [7.503917, 53.678656], [7.651378, 53.696967], [7.951427, 53.72191], [8.031423, 53.708075], [8.031423, 53.700629], [8.024913, 53.672553], [8.052908, 53.636298], [8.094086, 53.604722], [8.127615, 53.590766], [8.127615, 53.584621], [8.119151, 53.571926], [8.134613, 53.56745], [8.156749, 53.563666], [8.167979, 53.553209], [8.164887, 53.535224], [8.155447, 53.526028], [8.1338, 53.516303], [8.115733, 53.510728], [8.076345, 53.508612], [8.058767, 53.502021], [8.076996, 53.468695], [8.086192, 53.456122], [8.099783, 53.447414], [8.112478, 53.451077], [8.123871, 53.454006], [8.140636, 53.453599], [8.152354, 53.449774], [8.171397, 53.436591], [8.178559, 53.433743], [8.186697, 53.429511], [8.194835, 53.420111], [8.205333, 53.410712], [8.219737, 53.40644], [8.236501, 53.406724], [8.248709, 53.408393], [8.259451, 53.412299], [8.271739, 53.419501], [8.292817, 53.440497], [8.315115, 53.474921], [8.320486, 53.509223], [8.291515, 53.529364], [8.252208, 53.523098], [8.231212, 53.525214], [8.233165, 53.539862], [8.24171, 53.556301], [8.248871, 53.590277], [8.257335, 53.604438], [8.270681, 53.61286], [8.287608, 53.616889], [8.329356, 53.618109], [8.348481, 53.61286], [8.363292, 53.600572], [8.375499, 53.5869], [8.387706, 53.577135], [8.428071, 53.564765], [8.513438, 53.554755], [8.552094, 53.543606], [8.552094, 53.5362], [8.528168, 53.523912], [8.506196, 53.507961], [8.490001, 53.486396], [8.483897, 53.457343], [8.485037, 53.40119], [8.490896, 53.376451], [8.504405, 53.358059], [8.507335, 53.382799], [8.496755, 53.445258], [8.497569, 53.474758], [8.512869, 53.496487], [8.535818, 53.506171], [8.556651, 53.518215], [8.565766, 53.546698], [8.560802, 53.551703], [8.535167, 53.590766], [8.527517, 53.596625], [8.5171, 53.610175], [8.508311, 53.625149], [8.501231, 53.644192], [8.487071, 53.666938], [8.483897, 53.68358], [8.486095, 53.700426], [8.492198, 53.715155], [8.529633, 53.770697], [8.556163, 53.830959], [8.573253, 53.857652], [8.587576, 53.870429], [8.607107, 53.881537], [8.629242, 53.88939], [8.651866, 53.892483], [8.672699, 53.891588], [8.684581, 53.888495], [8.709158, 53.871975], [8.74464, 53.854153], [8.782481, 53.842475], [8.860688, 53.831], [8.903575, 53.831732], [8.976248, 53.842434], [9.016287, 53.840522], [9.035004, 53.853583], [9.114513, 53.865139], [9.193614, 53.864691], [9.210704, 53.871975], [9.224294, 53.865912], [9.240733, 53.864163], [9.274669, 53.865139], [9.283376, 53.86164], [9.305349, 53.84455], [9.40268, 53.742418], [9.442882, 53.714301], [9.470958, 53.700629], [9.484711, 53.69009], [9.498383, 53.659857], [9.567068, 53.599595], [9.582367, 53.591295], [9.600922, 53.58633], [9.624766, 53.584621], [9.637218, 53.581], [9.696625, 53.556627], [9.764008, 53.547675], [9.819021, 53.540351], [9.832042, 53.543606], [9.819591, 53.556627], [9.782074, 53.569729], [9.692393, 53.575914], [9.655772, 53.584621], [9.583669, 53.612454], [9.550792, 53.634589], [9.539073, 53.66649], [9.536143, 53.693752], [9.532237, 53.711168], [9.522227, 53.71662], [9.475271, 53.732164], [9.460216, 53.735419], [9.435802, 53.748684], [9.412446, 53.778754], [9.396658, 53.811021], [9.395193, 53.831], [9.358735, 53.839545], [9.295584, 53.871894], [9.257823, 53.885565], [9.22047, 53.890774], [9.093435, 53.892483], [9.055431, 53.902899], [9.029959, 53.907131], [9.018321, 53.902737], [9.007823, 53.892483], [8.98463, 53.89704], [8.949474, 53.912909], [8.916026, 53.937405], [8.833344, 54.036444], [8.871837, 54.046942], [8.890636, 54.047797], [8.914561, 54.043891], [8.953868, 54.028306], [8.975352, 54.024075], [8.997244, 54.030219], [9.004893, 54.041164], [9.013031, 54.060981], [9.018565, 54.082424], [9.018321, 54.097886], [9.006684, 54.10814], [8.988129, 54.117865], [8.974457, 54.128079], [8.977306, 54.139472], [8.977306, 54.145697], [8.952891, 54.150092], [8.917979, 54.146308], [8.885427, 54.13703], [8.867442, 54.12519], [8.860688, 54.12519], [8.833344, 54.153144], [8.815684, 54.175605], [8.812836, 54.180487], [8.820974, 54.200507], [8.836274, 54.21776], [8.84669, 54.233547], [8.83961, 54.248725], [8.83961, 54.255561], [8.851899, 54.261054], [8.894216, 54.268215], [8.911469, 54.269192], [8.922048, 54.274237], [8.937511, 54.286689], [8.953136, 54.302558], [8.963145, 54.317613], [8.940278, 54.315009], [8.902599, 54.295844], [8.881114, 54.290269], [8.883067, 54.293606], [8.885916, 54.300727], [8.88795, 54.303941], [8.857595, 54.301825], [8.805431, 54.292426], [8.774669, 54.290269], [8.738943, 54.293891], [8.723481, 54.290269], [8.690196, 54.27147], [8.678477, 54.269192], [8.651866, 54.274848], [8.623383, 54.290107], [8.602712, 54.312079], [8.599864, 54.33808], [8.614024, 54.348375], [8.641368, 54.355658], [8.672048, 54.35928], [8.695567, 54.358588], [8.695567, 54.365424], [8.677582, 54.367906], [8.663829, 54.375556], [8.650645, 54.377997], [8.634776, 54.365424], [8.626231, 54.37641], [8.629161, 54.387681], [8.638438, 54.398139], [8.648448, 54.406399], [8.66977, 54.400824], [8.750824, 54.413804], [8.860688, 54.413804], [8.886078, 54.417792], [8.907237, 54.425523], [8.949474, 54.447333], [8.988048, 54.458441], [9.004731, 54.465888], [9.011485, 54.482123], [9.011567, 54.506334], [8.986095, 54.529283], [8.90447, 54.580634], [8.892833, 54.591254], [8.88795, 54.601874], [8.878754, 54.606513], [8.858165, 54.606147], [8.837087, 54.602688], [8.825857, 54.598131], [8.819021, 54.605618], [8.853282, 54.619289], [8.81837, 54.673651], [8.805431, 54.687567], [8.776703, 54.697984], [8.722667, 54.725531], [8.688731, 54.735297], [8.688731, 54.742174], [8.694347, 54.76024], [8.681326, 54.780585], [8.661876, 54.800605], [8.648448, 54.817857], [8.642751, 54.844184], [8.647227, 54.867377], [8.660818, 54.896308], [8.668793, 54.91352], [8.661388, 54.920315], [8.674815, 54.947943], [8.666352, 54.973334], [8.650401, 54.997992], [8.640961, 55.023383], [8.644786, 55.055732], [8.656505, 55.082506], [8.670909, 55.107123], [8.681895, 55.133205], [8.575531, 55.14411], [8.56365, 55.143378], [8.559906, 55.135077], [8.557384, 55.096381], [8.551117, 55.091376], [8.541352, 55.090277], [8.528575, 55.081977], [8.514822, 55.070787], [8.49936, 55.065579], [8.483897, 55.067613], [8.470225, 55.078599], [8.458832, 55.103461], [8.460216, 55.127387], [8.466482, 55.151597], [8.470225, 55.177558], [8.488943, 55.19717], [8.530528, 55.200751], [8.572602, 55.193671], [8.593761, 55.180976], [8.580333, 55.178941], [8.569509, 55.173774], [8.552094, 55.160549], [8.555186, 55.149359], [8.614757, 55.144355], [8.669281, 55.136908], [8.689464, 55.141588], [8.687185, 55.16059], [8.668793, 55.194648], [8.655935, 55.237494], [8.648448, 55.28026], [8.650401, 55.291734], [8.659353, 55.305813], [8.661388, 55.314439], [8.659679, 55.327216], [8.648448, 55.352281], [8.639415, 55.397406], [8.632091, 55.418769], [8.617686, 55.437934], [8.59254, 55.449286], [8.556651, 55.454291], [8.490001, 55.455308], [8.441905, 55.463935], [8.401134, 55.485663], [8.310395, 55.56269], [8.311209, 55.56977], [8.332367, 55.572008], [8.332367, 55.578274], [8.313162, 55.582709], [8.290212, 55.583808], [8.267833, 55.580512], [8.250499, 55.572008], [8.239024, 55.557929], [8.242035, 55.548529], [8.271739, 55.530463], [8.262462, 55.529202], [8.256358, 55.526801], [8.243663, 55.516791], [8.266775, 55.51439], [8.293956, 55.50434], [8.316742, 55.489407], [8.326182, 55.472113], [8.313324, 55.469306], [8.193614, 55.525946], [8.1692, 55.534084], [8.110606, 55.540229], [8.095225, 55.549058], [8.094005, 55.56391], [8.150238, 55.649237], [8.169119, 55.687934], [8.181651, 55.729071], [8.18336, 55.769599], [8.13559, 55.96601], [8.130707, 55.976142], [8.127778, 55.978217], [8.126801, 55.982978], [8.127778, 55.987616], [8.130707, 55.989732], [8.136729, 55.988593], [8.139415, 55.986029], [8.141124, 55.983466], [8.144054, 55.982327], [8.150564, 55.977037], [8.175466, 55.900336], [8.19337, 55.873847], [8.195974, 55.862779], [8.193614, 55.853217], [8.183849, 55.839504], [8.181651, 55.828355], [8.185069, 55.814643], [8.193614, 55.811835], [8.238536, 55.826077], [8.286306, 55.84748], [8.308849, 55.851996], [8.34783, 55.86933], [8.387706, 55.89289], [8.393321, 55.909166], [8.386892, 55.9265], [8.372895, 55.943427], [8.356944, 55.958686], [8.319509, 55.986029], [8.319509, 56.017035], [8.308116, 56.052924], [8.2824, 56.075873], [8.247732, 56.08983], [8.170584, 56.109565], [8.149669, 56.111151], [8.140636, 56.102729], [8.141612, 56.060004], [8.139903, 56.03974], [8.1338, 56.017035], [8.137462, 56.000393], [8.134776, 55.993964], [8.120128, 55.996568], [8.115977, 56.001858], [8.111664, 56.012274], [8.107921, 56.024319], [8.103363, 56.096869], [8.106456, 56.119452], [8.130626, 56.181952], [8.1338, 56.205471], [8.122406, 56.551663], [8.126638, 56.568427], [8.1338, 56.585639], [8.178722, 56.672065], [8.198985, 56.698879], [8.213878, 56.711819], [8.219981, 56.709174], [8.223969, 56.700426], [8.233165, 56.695461], [8.232432, 56.688381], [8.209972, 56.655951], [8.202159, 56.64704], [8.202159, 56.640204], [8.208344, 56.636786], [8.215099, 56.634955], [8.233165, 56.633979], [8.236583, 56.629706], [8.240489, 56.620063], [8.245779, 56.610419], [8.253917, 56.606106], [8.294932, 56.601996], [8.305919, 56.597805], [8.291515, 56.593004], [8.295177, 56.583808], [8.292491, 56.567694], [8.29835, 56.558295], [8.307384, 56.554348], [8.315196, 56.556871], [8.318044, 56.563625], [8.312022, 56.571967], [8.312022, 56.578803], [8.343516, 56.58454], [8.3921, 56.585273], [8.436534, 56.580227], [8.455903, 56.568549], [8.46518, 56.566881], [8.514659, 56.544664], [8.528494, 56.548163], [8.541352, 56.55683], [8.552094, 56.56802], [8.559581, 56.578803], [8.565766, 56.578803], [8.596039, 56.531806], [8.596853, 56.524156], [8.593028, 56.519924], [8.594574, 56.510484], [8.601085, 56.501125], [8.617442, 56.493801], [8.636974, 56.479722], [8.648448, 56.475735], [8.665538, 56.475898], [8.726573, 56.483222], [8.733165, 56.485053], [8.738536, 56.490058], [8.742035, 56.497748], [8.743419, 56.507066], [8.743663, 56.521674], [8.744965, 56.531562], [8.750824, 56.552069], [8.755138, 56.557807], [8.760427, 56.560126], [8.762543, 56.563381], [8.757579, 56.571967], [8.726573, 56.585639], [8.716563, 56.586168], [8.708995, 56.588568], [8.704438, 56.593695], [8.702973, 56.602362], [8.698497, 56.611233], [8.681488, 56.616278], [8.681895, 56.626532], [8.69516, 56.633246], [8.740896, 56.634955], [8.805431, 56.695461], [8.820486, 56.700385], [8.861583, 56.707465], [8.916759, 56.708808], [8.918712, 56.711005], [8.894786, 56.715969], [8.851085, 56.716783], [8.840831, 56.722357], [8.850108, 56.74018], [8.864757, 56.755845], [8.876638, 56.764309], [8.908458, 56.777411], [8.95574, 56.802965], [8.974294, 56.805365], [8.985199, 56.804145], [9.003673, 56.799058], [9.014903, 56.797838], [9.026622, 56.799628], [9.032725, 56.803778], [9.037608, 56.808539], [9.045584, 56.812201], [9.063162, 56.812567], [9.086111, 56.808417], [9.105968, 56.800116], [9.114513, 56.787991], [9.120453, 56.764594], [9.134451, 56.750718], [9.150564, 56.740912], [9.162852, 56.729641], [9.176036, 56.708564], [9.148204, 56.704739], [9.118826, 56.678778], [9.093435, 56.674994], [9.093435, 56.667548], [9.097504, 56.658433], [9.086681, 56.649604], [9.059337, 56.633979], [9.049978, 56.619818], [9.048839, 56.607164], [9.052989, 56.575385], [9.060557, 56.565741], [9.076996, 56.567369], [9.093435, 56.57807], [9.106781, 56.610785], [9.121593, 56.613023], [9.139659, 56.611029], [9.155447, 56.612942], [9.149181, 56.622504], [9.141124, 56.626044], [9.131521, 56.624823], [9.121349, 56.620347], [9.128917, 56.631252], [9.136729, 56.639065], [9.143728, 56.647691], [9.148611, 56.661322], [9.155447, 56.661322], [9.149425, 56.638861], [9.175548, 56.635443], [9.211192, 56.638861], [9.233653, 56.637152], [9.247244, 56.632025], [9.262462, 56.633734], [9.276215, 56.632961], [9.28533, 56.620347], [9.2824, 56.610541], [9.259451, 56.591946], [9.250336, 56.578803], [9.261241, 56.576361], [9.263357, 56.571967], [9.264008, 56.565904], [9.270844, 56.558295], [9.28061, 56.552802], [9.305675, 56.544664], [9.309744, 56.540513], [9.312185, 56.535102], [9.316417, 56.530829], [9.326182, 56.530341], [9.340587, 56.547065], [9.34669, 56.552069], [9.36085, 56.544745], [9.373057, 56.55272], [9.372732, 56.565375], [9.350352, 56.571967], [9.319347, 56.561713], [9.317393, 56.558661], [9.312836, 56.557766], [9.302257, 56.558295], [9.293712, 56.561021], [9.293142, 56.566799], [9.296153, 56.571601], [9.298839, 56.571967], [9.300629, 56.609117], [9.317068, 56.641099], [9.32602, 56.66942], [9.325938, 56.669623], [9.305675, 56.695461], [9.295909, 56.701565], [9.290701, 56.703843], [9.270844, 56.702338], [9.230642, 56.692084], [9.220714, 56.684272], [9.199067, 56.676581], [9.177908, 56.675849], [9.169119, 56.688666], [9.180349, 56.700751], [9.22641, 56.716254], [9.236827, 56.733059], [9.242524, 56.747056], [9.240489, 56.753974], [9.215505, 56.758857], [9.205251, 56.763821], [9.196544, 56.770453], [9.189708, 56.777411], [9.184418, 56.784003], [9.178722, 56.794135], [9.174978, 56.806057], [9.176036, 56.818427], [9.181163, 56.821723], [9.204112, 56.84162], [9.206716, 56.84634], [9.211436, 56.851508], [9.210623, 56.863105], [9.205903, 56.874579], [9.199555, 56.879828], [9.187836, 56.881171], [9.178966, 56.884589], [9.162852, 56.89411], [9.181488, 56.919094], [9.200206, 56.93891], [9.22047, 56.955064], [9.251475, 56.972561], [9.258474, 56.97484], [9.265961, 56.976223], [9.274669, 56.97663], [9.279959, 56.979804], [9.285492, 56.993964], [9.288748, 56.997138], [9.437022, 57.0244], [9.470063, 57.02383], [9.586762, 56.997138], [9.586762, 56.989691], [9.573985, 56.985012], [9.57309, 56.978827], [9.580821, 56.972968], [9.594249, 56.969184], [9.607921, 56.969875], [9.617686, 56.975043], [9.654145, 57.006781], [9.670665, 57.024848], [9.688975, 57.03913], [9.728201, 57.047065], [9.761241, 57.05858], [9.809093, 57.051744], [9.915782, 57.05858], [9.856619, 57.08869], [9.826671, 57.094875], [9.806407, 57.104234], [9.795665, 57.106391], [9.787608, 57.103949], [9.752452, 57.077786], [9.733246, 57.066799], [9.711925, 57.061265], [9.693207, 57.069159], [9.675141, 57.079169], [9.656098, 57.076361], [9.621104, 57.05858], [9.580821, 57.049302], [9.493988, 57.04857], [9.265147, 57.003404], [9.245372, 57.002346], [9.22641, 57.007025], [9.114513, 57.05858], [9.12086, 57.045396], [9.112804, 57.038642], [9.079845, 57.031236], [9.055431, 57.021145], [9.042654, 57.017727], [9.025727, 57.017564], [9.031993, 57.02383], [9.014008, 57.030178], [8.996755, 57.028062], [8.979666, 57.020494], [8.963145, 57.010199], [8.946951, 57.011176], [8.926443, 57.000149], [8.909028, 56.988186], [8.901622, 56.986274], [8.893077, 56.999661], [8.87322, 57.004828], [8.850434, 57.003485], [8.833344, 56.997138], [8.847992, 56.988471], [8.811697, 56.969875], [8.762055, 56.955471], [8.72641, 56.961249], [8.702973, 56.958441], [8.679535, 56.952541], [8.668793, 56.945299], [8.663341, 56.92593], [8.649913, 56.91413], [8.634125, 56.905178], [8.621104, 56.89411], [8.615408, 56.865627], [8.614268, 56.863349], [8.612559, 56.854682], [8.607921, 56.849677], [8.601329, 56.845526], [8.569591, 56.818427], [8.547048, 56.817328], [8.536306, 56.814521], [8.531749, 56.808783], [8.524262, 56.804755], [8.507823, 56.801093], [8.491384, 56.794257], [8.483897, 56.781155], [8.492442, 56.74726], [8.491466, 56.731391], [8.47641, 56.722154], [8.47641, 56.715969], [8.516368, 56.718207], [8.525564, 56.715969], [8.533051, 56.703803], [8.527029, 56.695299], [8.514008, 56.690253], [8.500987, 56.688666], [8.489268, 56.690741], [8.465831, 56.700141], [8.452891, 56.702338], [8.440929, 56.700385], [8.420909, 56.691352], [8.408214, 56.688666], [8.408214, 56.68122], [8.455903, 56.688666], [8.470225, 56.686103], [8.491222, 56.676988], [8.500987, 56.674994], [8.571544, 56.691962], [8.586274, 56.688666], [8.589041, 56.681342], [8.586274, 56.662299], [8.586274, 56.653876], [8.601329, 56.640611], [8.608084, 56.631049], [8.593272, 56.61636], [8.583018, 56.60932], [8.569591, 56.606106], [8.555431, 56.604885], [8.546641, 56.601711], [8.547048, 56.59748], [8.559581, 56.593004], [8.539317, 56.59276], [8.511485, 56.607001], [8.48699, 56.625312], [8.47641, 56.637152], [8.467296, 56.652045], [8.444835, 56.664049], [8.416759, 56.672065], [8.391124, 56.674994], [8.373383, 56.680243], [8.352224, 56.692939], [8.33253, 56.708401], [8.319509, 56.722154], [8.30836, 56.758205], [8.302013, 56.763739], [8.288422, 56.766343], [8.260265, 56.776679], [8.243663, 56.777411], [8.258067, 56.740546], [8.263194, 56.71894], [8.260753, 56.70539], [8.24586, 56.704006], [8.238292, 56.725043], [8.236176, 56.771186], [8.247895, 56.812445], [8.270356, 56.843248], [8.449718, 57.003974], [8.503591, 57.034654], [8.586274, 57.106391], [8.618012, 57.12287], [8.653819, 57.122504], [8.737153, 57.106391], [8.783946, 57.104804], [8.87436, 57.116116], [8.914561, 57.127427], [8.962576, 57.156562], [8.980479, 57.161038], [9.230642, 57.141099], [9.321544, 57.14704], [9.41212, 57.165432], [9.497813, 57.197008], [9.573253, 57.242906], [9.788422, 57.459296], [9.826427, 57.489936], [9.895356, 57.531562], [9.929861, 57.56745], [9.943126, 57.572496], [9.96697, 57.591376], [10.015391, 57.596625], [10.107677, 57.592963], [10.197602, 57.601223], [10.279552, 57.620917], [10.350597, 57.648993], [10.472504, 57.716986], [10.539073, 57.743842], [10.566091, 57.749457], [10.596039, 57.751166], [10.625011, 57.747504], [10.648936, 57.737006], [10.594412, 57.725898], [10.542491, 57.69892], [10.46046, 57.630561], [10.430431, 57.570543], [10.458344, 57.525458], [10.508962, 57.484036], [10.54656, 57.435289], [10.517426, 57.391303], [10.517914, 57.339179], [10.539073, 57.236721], [10.521983, 57.221747], [10.470876, 57.201158], [10.446788, 57.184882], [10.411469, 57.144436], [10.395518, 57.117255], [10.384044, 57.074205], [10.359223, 57.026109], [10.347179, 57.010199], [10.338715, 57.003241], [10.330577, 56.999335], [10.319672, 56.997504], [10.272472, 56.99787], [10.257986, 56.995836], [10.239757, 56.992825], [10.156016, 57.02383], [10.094005, 57.060492], [10.052745, 57.069729], [10.019379, 57.088446], [9.99464, 57.092719], [9.974457, 57.086493], [9.946137, 57.061184], [9.926931, 57.05858], [9.945486, 57.057318], [9.966563, 57.072211], [9.984141, 57.079047], [10.001964, 57.083889], [10.022634, 57.079088], [10.121267, 57.022121], [10.153982, 57.013251], [10.192393, 56.994045], [10.214366, 56.989691], [10.295095, 56.988593], [10.313731, 56.982856], [10.285655, 56.96369], [10.279552, 56.955512], [10.27475, 56.942288], [10.269298, 56.915025], [10.26588, 56.907701], [10.273123, 56.891343], [10.284028, 56.840318], [10.288341, 56.800116], [10.295421, 56.778876], [10.319998, 56.736477], [10.328461, 56.729804], [10.338227, 56.723944], [10.340587, 56.717353], [10.326834, 56.708564], [10.318696, 56.708238], [10.295177, 56.714301], [10.282563, 56.715969], [10.237559, 56.715969], [10.221853, 56.712104], [10.203868, 56.702338], [10.187022, 56.712226], [10.168142, 56.720038], [10.146495, 56.722357], [10.121267, 56.715969], [10.098969, 56.706122], [10.08961, 56.704047], [10.073497, 56.702338], [10.05836, 56.698228], [10.027517, 56.684272], [9.990896, 56.676947], [9.945567, 56.658149], [9.805919, 56.64704], [9.805919, 56.640204], [9.851329, 56.635728], [10.001475, 56.661322], [10.034923, 56.672838], [10.049571, 56.674994], [10.052908, 56.677151], [10.053477, 56.68183], [10.055431, 56.68651], [10.062836, 56.688666], [10.070974, 56.687486], [10.084321, 56.682359], [10.090587, 56.68122], [10.101329, 56.682685], [10.113617, 56.686713], [10.12379, 56.692328], [10.128103, 56.698879], [10.134776, 56.712388], [10.150564, 56.714423], [10.18336, 56.708564], [10.180837, 56.704901], [10.175792, 56.695461], [10.193207, 56.69359], [10.241954, 56.688381], [10.283539, 56.689765], [10.310313, 56.698879], [10.334239, 56.703843], [10.352794, 56.68183], [10.357677, 56.648749], [10.340343, 56.620347], [10.27296, 56.591702], [10.223318, 56.560614], [10.214366, 56.558295], [10.207286, 56.525784], [10.203868, 56.516669], [10.211436, 56.505316], [10.206798, 56.490953], [10.195486, 56.477688], [10.18336, 56.46955], [10.214122, 56.470445], [10.225597, 56.475735], [10.224376, 56.513617], [10.22755, 56.541083], [10.237641, 56.554389], [10.279552, 56.571967], [10.312673, 56.596625], [10.330333, 56.603217], [10.350922, 56.595893], [10.354503, 56.589545], [10.359874, 56.568101], [10.36085, 56.561713], [10.365245, 56.558417], [10.394867, 56.544664], [10.4699, 56.520901], [10.551524, 56.51557], [10.789073, 56.536363], [10.822276, 56.534247], [10.854991, 56.524156], [10.869884, 56.514716], [10.90211, 56.483222], [10.964122, 56.448432], [10.964122, 56.442206], [10.940929, 56.429511], [10.928477, 56.40648], [10.923513, 56.379869], [10.922618, 56.356269], [10.911632, 56.334052], [10.819591, 56.260932], [10.77296, 56.242987], [10.755382, 56.229315], [10.750011, 56.216051], [10.752615, 56.184963], [10.738617, 56.154527], [10.707042, 56.150865], [10.672211, 56.165188], [10.648936, 56.188381], [10.674653, 56.190823], [10.685232, 56.196234], [10.69044, 56.208889], [10.687673, 56.222235], [10.677582, 56.226304], [10.664561, 56.227607], [10.652599, 56.232733], [10.628591, 56.237535], [10.60377, 56.221015], [10.581228, 56.199205], [10.549164, 56.178209], [10.556163, 56.154934], [10.569347, 56.129462], [10.573741, 56.112616], [10.563975, 56.105618], [10.548025, 56.101264], [10.531016, 56.100165], [10.518565, 56.102729], [10.508474, 56.111029], [10.498546, 56.130194], [10.491222, 56.13996], [10.499197, 56.144721], [10.516124, 56.151597], [10.525401, 56.153632], [10.51824, 56.164781], [10.509451, 56.170111], [10.46811, 56.177069], [10.458995, 56.176093], [10.436697, 56.167914], [10.408702, 56.164862], [10.391449, 56.172675], [10.376231, 56.186672], [10.354666, 56.202053], [10.376964, 56.203315], [10.410411, 56.218492], [10.42921, 56.22248], [10.44337, 56.21662], [10.460704, 56.206204], [10.477794, 56.202338], [10.491222, 56.216295], [10.474294, 56.232245], [10.475434, 56.244696], [10.504731, 56.277777], [10.491222, 56.277655], [10.476817, 56.280911], [10.463634, 56.286851], [10.453624, 56.294501], [10.442638, 56.298651], [10.416759, 56.291897], [10.403005, 56.298245], [10.399262, 56.284857], [10.393809, 56.276516], [10.38502, 56.272162], [10.371104, 56.270941], [10.36378, 56.26557], [10.336925, 56.232733], [10.312511, 56.215155], [10.258474, 56.190253], [10.234223, 56.171332], [10.220225, 56.147895], [10.226899, 56.133246], [10.243419, 56.119574], [10.259044, 56.099026], [10.265636, 56.073717], [10.261485, 56.054429], [10.249197, 56.036933], [10.23113, 56.017035], [10.255138, 56.023627], [10.272716, 56.024848], [10.277517, 56.017768], [10.252452, 55.986233], [10.250011, 55.973456], [10.251638, 55.948188], [10.250743, 55.930732], [10.249278, 55.923041], [10.245372, 55.914618], [10.221365, 55.896918], [10.21754, 55.889838], [10.212657, 55.889879], [10.201834, 55.885891], [10.190196, 55.879706], [10.18336, 55.873725], [10.188324, 55.871161], [10.195567, 55.861314], [10.199392, 55.850735], [10.190603, 55.843492], [10.187348, 55.838609], [10.18214, 55.833686], [10.172699, 55.831488], [10.160411, 55.833319], [10.151052, 55.838121], [10.135509, 55.851996], [10.131033, 55.858466], [10.128103, 55.865871], [10.12379, 55.873277], [10.114513, 55.879869], [10.101817, 55.882392], [10.004649, 55.879869], [9.99171, 55.877346], [9.983653, 55.871405], [9.977387, 55.864569], [9.97047, 55.859442], [9.944509, 55.853583], [9.891775, 55.855373], [9.867442, 55.851996], [9.892589, 55.836249], [10.035655, 55.818427], [10.045746, 55.813951], [10.042166, 55.803412], [10.025645, 55.783026], [10.017345, 55.76557], [10.019786, 55.75788], [10.033702, 55.756049], [10.059825, 55.756415], [10.059825, 55.749498], [10.018809, 55.736274], [10.006847, 55.725043], [10.01824, 55.708564], [10.014496, 55.706855], [10.005219, 55.701117], [9.9817, 55.709418], [9.871837, 55.69123], [9.821788, 55.675971], [9.792247, 55.674465], [9.730968, 55.688137], [9.695649, 55.705797], [9.686534, 55.708564], [9.583018, 55.708889], [9.559581, 55.715399], [9.556407, 55.711575], [9.554535, 55.708808], [9.553477, 55.705797], [9.552745, 55.701117], [9.573578, 55.695461], [9.645518, 55.694892], [9.658539, 55.690375], [9.710297, 55.660142], [9.720958, 55.648261], [9.728201, 55.637519], [9.738292, 55.629706], [9.758149, 55.626654], [9.85377, 55.626654], [9.837413, 55.61522], [9.785492, 55.591946], [9.75766, 55.571601], [9.744151, 55.566352], [9.720876, 55.564602], [9.712413, 55.560289], [9.710623, 55.55093], [9.710297, 55.541571], [9.706879, 55.537299], [9.643891, 55.528306], [9.621104, 55.518948], [9.60727, 55.516791], [9.595225, 55.518378], [9.572765, 55.523912], [9.559581, 55.523627], [9.562185, 55.519517], [9.566417, 55.516791], [9.551931, 55.505113], [9.514903, 55.498196], [9.498057, 55.489447], [9.515636, 55.48314], [9.534434, 55.483832], [9.583669, 55.491156], [9.592784, 55.494289], [9.602387, 55.495795], [9.660167, 55.477973], [9.664236, 55.466702], [9.659923, 55.45303], [9.648936, 55.441067], [9.635265, 55.435736], [9.60141, 55.43183], [9.586762, 55.427436], [9.592052, 55.416327], [9.60434, 55.40119], [9.607921, 55.393256], [9.605154, 55.382025], [9.599294, 55.373358], [9.600841, 55.365912], [9.621104, 55.358547], [9.633474, 55.351996], [9.645274, 55.342719], [9.648285, 55.332913], [9.634613, 55.325019], [9.634613, 55.317572], [9.644867, 55.31094], [9.681895, 55.274644], [9.694184, 55.271633], [9.706065, 55.265082], [9.710297, 55.248684], [9.706554, 55.237006], [9.699474, 55.229804], [9.692882, 55.221015], [9.689789, 55.204901], [9.684418, 55.197577], [9.67156, 55.19245], [9.655772, 55.189439], [9.6421, 55.188422], [9.583344, 55.194648], [9.569835, 55.192532], [9.561534, 55.187201], [9.554942, 55.180569], [9.545909, 55.17414], [9.521821, 55.165432], [9.507172, 55.161933], [9.494395, 55.160549], [9.486339, 55.156236], [9.486339, 55.147406], [9.49464, 55.140082], [9.511892, 55.140082], [9.511892, 55.133205], [9.482432, 55.133775], [9.468761, 55.131781], [9.456554, 55.125718], [9.466645, 55.121405], [9.479177, 55.119696], [9.508067, 55.119534], [9.521332, 55.115871], [9.535818, 55.106879], [9.559581, 55.085395], [9.533702, 55.065823], [9.516612, 55.056545], [9.498057, 55.050686], [9.452403, 55.045356], [9.434337, 55.037543], [9.442882, 55.023383], [9.455251, 55.023179], [9.511892, 55.036363], [9.537364, 55.035386], [9.545909, 55.036363], [9.553233, 55.039618], [9.560232, 55.04442], [9.568533, 55.048774], [9.579926, 55.050686], [9.601573, 55.045396], [9.641856, 55.019721], [9.662608, 55.009711], [9.71754, 55.001166], [9.730968, 54.995429], [9.738617, 54.980862], [9.760753, 54.904975], [9.763194, 54.900458], [9.761567, 54.897406], [9.751964, 54.893012], [9.737071, 54.892768], [9.722992, 54.89765], [9.711436, 54.898586], [9.703461, 54.886176], [9.715994, 54.883775], [9.727875, 54.879462], [9.737804, 54.873521], [9.744477, 54.866278], [9.748302, 54.857856], [9.750255, 54.846259], [9.745942, 54.836005], [9.731212, 54.831529], [9.719574, 54.835842], [9.705333, 54.85456], [9.696625, 54.858873], [9.65504, 54.857082], [9.6421, 54.858873], [9.623302, 54.865302], [9.624685, 54.869289], [9.632823, 54.873114], [9.634613, 54.87934], [9.616954, 54.894232], [9.610362, 54.903225], [9.617524, 54.907294], [9.644216, 54.913275], [9.638845, 54.92475], [9.615001, 54.932685], [9.586762, 54.92772], [9.581228, 54.92178], [9.568044, 54.901435], [9.556814, 54.890326], [9.550548, 54.882717], [9.545909, 54.87934], [9.538341, 54.877916], [9.522146, 54.879299], [9.515147, 54.875922], [9.498057, 54.864325], [9.456391, 54.843817], [9.442882, 54.831529], [9.43629, 54.810452], [9.437511, 54.810411], [9.451427, 54.81037], [9.510997, 54.827826], [9.529959, 54.841498], [9.554373, 54.847113], [9.566905, 54.860175], [9.579926, 54.866278], [9.583181, 54.830268], [9.631602, 54.819892], [9.693044, 54.81802], [9.73463, 54.807318], [9.752126, 54.799628], [9.778087, 54.793158], [9.801768, 54.783393], [9.812185, 54.766059], [9.823741, 54.756741], [9.849864, 54.759345], [9.895356, 54.769477], [9.891449, 54.790269], [9.91505, 54.791205], [9.94752, 54.779527], [9.97047, 54.762641], [9.984141, 54.728502], [9.990489, 54.720526], [9.999522, 54.712958], [10.01824, 54.701239], [10.005382, 54.695502], [9.992198, 54.696479], [9.979828, 54.699774], [9.97047, 54.701239], [9.971039, 54.699042], [9.9463, 54.687649], [9.943126, 54.687567], [9.936697, 54.685004], [9.932384, 54.685248], [9.929942, 54.683092], [9.929454, 54.673896], [9.944102, 54.673326], [9.970225, 54.677924], [9.996349, 54.678778], [10.011404, 54.66706], [10.022146, 54.672431], [10.033539, 54.672919], [10.039073, 54.666815], [10.031912, 54.652777], [10.036957, 54.638902], [10.037608, 54.619086], [10.031912, 54.577704], [10.026866, 54.559963], [10.02003, 54.545844], [10.010427, 54.534329], [9.997813, 54.523668], [9.965587, 54.506171], [9.925304, 54.493109], [9.882009, 54.484849], [9.840099, 54.482123], [9.840099, 54.475287], [9.883311, 54.462104], [10.124685, 54.495754], [10.143403, 54.491848], [10.203868, 54.461005], [10.18393, 54.449368], [10.183849, 54.438422], [10.191742, 54.426174], [10.197032, 54.410102], [10.191254, 54.396715], [10.177094, 54.384263], [10.159028, 54.375312], [10.141775, 54.37226], [10.144379, 54.370022], [10.147797, 54.368313], [10.148285, 54.36518], [10.141775, 54.358588], [10.152517, 54.351793], [10.155528, 54.343411], [10.151622, 54.33397], [10.141775, 54.324408], [10.163748, 54.329169], [10.180349, 54.341132], [10.203868, 54.37226], [10.217133, 54.405422], [10.224376, 54.413804], [10.234386, 54.417711], [10.272146, 54.420071], [10.285818, 54.42475], [10.292491, 54.430162], [10.297618, 54.435736], [10.306895, 54.441107], [10.31837, 54.443305], [10.36085, 54.441107], [10.382823, 54.43476], [10.44337, 54.406399], [10.601085, 54.365424], [10.690196, 54.31623], [10.731293, 54.310207], [10.77711, 54.315131], [10.810802, 54.327379], [10.867931, 54.358588], [10.90089, 54.371039], [10.935313, 54.379543], [11.018809, 54.385891], [11.018809, 54.379096], [11.000824, 54.378567], [10.975841, 54.378404], [10.993175, 54.373847], [11.010509, 54.377183], [11.033946, 54.367621], [11.104177, 54.39289], [11.135509, 54.385891], [11.098399, 54.361518], [11.087738, 54.351752], [11.081798, 54.354641], [11.06658, 54.358588], [11.077403, 54.342231], [11.086599, 54.302436], [11.094493, 54.283515], [11.087087, 54.270901], [11.087738, 54.253892], [11.094493, 54.225084], [11.09018, 54.207994], [11.080577, 54.198879], [11.070974, 54.192572], [11.06658, 54.183905], [10.95045, 54.139472], [10.91033, 54.109198], [10.892833, 54.102525], [10.852387, 54.094306], [10.844574, 54.094468], [10.836111, 54.089993], [10.829356, 54.092841], [10.822276, 54.097357], [10.813324, 54.097886], [10.805431, 54.094875], [10.801443, 54.092231], [10.762869, 54.05683], [10.752615, 54.050116], [10.752615, 54.043891], [10.76588, 54.024359], [10.780447, 54.009955], [10.799653, 54.000556], [10.826915, 53.995429], [10.865571, 53.997789], [10.875499, 53.995429], [10.882579, 53.985053], [10.883556, 53.973131], [10.88738, 53.963935], [10.90211, 53.961371], [10.906016, 53.961208], [10.917654, 53.960761], [10.922618, 53.961371], [10.935395, 53.967271], [10.964692, 53.985419], [10.981212, 53.989244], [11.000255, 53.991604], [11.053477, 54.00849], [11.175059, 54.018012], [11.183849, 54.016018], [11.190766, 54.010321], [11.197276, 53.996243], [11.204356, 53.989244], [11.239919, 53.983466], [11.245372, 53.97842], [11.240733, 53.955634], [11.242931, 53.945217], [11.255626, 53.940863], [11.285411, 53.939683], [11.293712, 53.940863], [11.334158, 53.961371], [11.341807, 53.958319], [11.352061, 53.944159], [11.358246, 53.940863], [11.399913, 53.940863], [11.400401, 53.93773], [11.438731, 53.909125], [11.4463, 53.906155], [11.457693, 53.906155], [11.458995, 53.916693], [11.469086, 53.932766], [11.476817, 53.952704], [11.472423, 53.968817], [11.479828, 53.976142], [11.489513, 53.980618], [11.497895, 53.981838], [11.495942, 53.986314], [11.4935, 53.997626], [11.49171, 54.002346], [11.52589, 54.022773], [11.52589, 54.030219], [11.519054, 54.030219], [11.519054, 54.036444], [11.544607, 54.030178], [11.553233, 54.030219], [11.573497, 54.039049], [11.591319, 54.065619], [11.604747, 54.071234], [11.612804, 54.072903], [11.619395, 54.077297], [11.624522, 54.083645], [11.628917, 54.091051], [11.629568, 54.096015], [11.622081, 54.099555], [11.622081, 54.104682], [11.625255, 54.109809], [11.629405, 54.113227], [11.633149, 54.115912], [11.657888, 54.142239], [11.689708, 54.155219], [11.72877, 54.158515], [11.812266, 54.149807], [12.050629, 54.179918], [12.088145, 54.194078], [12.093272, 54.165432], [12.089529, 54.137641], [12.091645, 54.114], [12.115001, 54.097886], [12.105317, 54.110012], [12.100352, 54.135972], [12.095063, 54.145697], [12.105479, 54.157375], [12.134288, 54.166978], [12.142833, 54.180487], [12.131602, 54.181138], [12.12086, 54.179999], [12.110606, 54.177436], [12.101329, 54.173651], [12.108897, 54.18301], [12.142833, 54.209174], [12.163097, 54.219916], [12.18686, 54.243354], [12.200938, 54.248725], [12.214041, 54.250963], [12.289399, 54.275092], [12.327322, 54.293769], [12.342133, 54.303941], [12.378184, 54.344916], [12.438324, 54.395819], [12.444835, 54.405463], [12.486095, 54.447333], [12.501964, 54.473578], [12.513438, 54.482245], [12.533865, 54.488267], [12.533865, 54.482123], [12.527029, 54.482123], [12.54835, 54.462063], [12.591482, 54.451728], [12.819102, 54.451728], [12.856619, 54.441107], [12.879649, 54.448798], [12.908376, 54.444648], [12.921153, 54.433498], [12.896332, 54.420071], [12.870779, 54.416815], [12.763682, 54.422187], [12.720958, 54.431586], [12.694591, 54.433661], [12.686778, 54.431627], [12.676117, 54.422553], [12.670421, 54.420071], [12.650076, 54.420071], [12.624197, 54.422919], [12.614513, 54.419745], [12.608409, 54.406399], [12.602224, 54.413804], [12.596934, 54.411933], [12.588064, 54.407457], [12.581716, 54.406399], [12.583507, 54.397854], [12.587657, 54.394029], [12.594005, 54.392768], [12.602224, 54.392076], [12.598643, 54.391547], [12.595876, 54.391506], [12.594412, 54.390204], [12.594737, 54.385891], [12.575531, 54.391995], [12.554047, 54.390815], [12.535981, 54.383734], [12.527029, 54.37226], [12.510753, 54.384263], [12.490977, 54.390082], [12.454763, 54.392076], [12.438487, 54.387519], [12.424978, 54.375922], [12.418468, 54.360663], [12.424001, 54.344916], [12.409679, 54.346625], [12.403819, 54.34809], [12.396739, 54.351752], [12.389903, 54.344916], [12.396495, 54.332953], [12.391612, 54.321112], [12.37908, 54.312445], [12.362559, 54.310207], [12.36964, 54.296576], [12.37794, 54.285875], [12.380138, 54.277086], [12.368826, 54.269192], [12.412446, 54.25141], [12.436778, 54.247707], [12.458181, 54.255561], [12.442638, 54.255194], [12.430837, 54.258612], [12.41033, 54.269192], [12.41684, 54.280951], [12.42628, 54.289618], [12.451427, 54.303941], [12.457286, 54.306301], [12.468272, 54.308336], [12.472423, 54.310207], [12.475597, 54.315131], [12.476573, 54.327786], [12.478689, 54.331855], [12.495616, 54.340277], [12.560557, 54.358588], [12.547048, 54.364488], [12.540782, 54.365424], [12.540782, 54.37226], [12.559337, 54.376288], [12.566091, 54.375922], [12.574229, 54.37226], [12.574229, 54.379096], [12.592947, 54.36933], [12.622732, 54.373928], [12.677257, 54.392076], [12.675059, 54.395413], [12.672374, 54.402981], [12.670421, 54.406399], [12.680837, 54.410875], [12.692556, 54.413642], [12.704845, 54.414618], [12.71754, 54.413804], [12.71754, 54.406399], [12.702485, 54.40412], [12.692393, 54.396186], [12.686534, 54.384752], [12.684093, 54.37226], [12.696625, 54.384955], [12.701182, 54.391669], [12.7046, 54.399604], [12.713552, 54.390082], [12.723806, 54.381252], [12.735037, 54.37816], [12.746104, 54.385891], [12.757823, 54.379788], [12.768565, 54.380072], [12.778331, 54.384752], [12.78712, 54.392076], [12.789887, 54.384345], [12.794688, 54.377143], [12.800955, 54.370754], [12.818044, 54.357978], [12.821788, 54.356147], [12.825369, 54.357245], [12.83546, 54.358588], [12.854666, 54.357856], [12.864757, 54.359565], [12.875987, 54.365424], [12.884532, 54.373481], [12.894867, 54.389716], [12.903819, 54.399604], [12.929373, 54.414374], [12.969086, 54.429389], [13.0088, 54.438056], [13.03419, 54.433661], [13.021495, 54.426459], [13.021007, 54.414537], [13.028575, 54.401842], [13.040375, 54.392076], [13.083669, 54.378974], [13.095551, 54.37226], [13.076671, 54.352525], [13.08074, 54.337144], [13.109223, 54.310207], [13.112071, 54.299302], [13.112071, 54.288479], [13.114919, 54.280015], [13.125987, 54.276597], [13.170665, 54.276597], [13.170665, 54.269192], [13.161306, 54.269029], [13.154633, 54.26732], [13.143403, 54.263007], [13.176117, 54.264838], [13.228363, 54.247382], [13.263194, 54.242499], [13.288829, 54.23428], [13.321788, 54.194525], [13.348888, 54.180487], [13.333344, 54.174018], [13.321544, 54.166815], [13.346528, 54.166938], [13.3838, 54.178127], [13.403494, 54.173651], [13.395681, 54.161933], [13.39088, 54.157294], [13.382986, 54.153144], [13.394786, 54.148912], [13.40211, 54.151313], [13.408702, 54.154608], [13.417735, 54.153144], [13.423188, 54.148098], [13.437673, 54.12519], [13.450369, 54.110419], [13.465099, 54.098456], [13.483572, 54.091295], [13.507091, 54.091051], [13.507091, 54.097886], [13.498871, 54.102484], [13.487478, 54.113918], [13.479259, 54.118354], [13.479259, 54.12519], [13.602712, 54.139472], [13.632335, 54.147528], [13.683442, 54.168036], [13.711925, 54.173651], [13.716482, 54.168443], [13.714692, 54.164049], [13.708263, 54.160875], [13.698253, 54.159329], [13.698253, 54.153144], [13.72877, 54.143866], [13.808116, 54.104682], [13.808116, 54.097886], [13.793712, 54.083197], [13.785492, 54.06391], [13.773204, 54.046332], [13.746104, 54.036444], [13.758149, 54.030992], [13.78712, 54.009101], [13.797618, 53.998928], [13.803477, 53.996324], [13.831798, 53.989244], [13.838634, 53.986314], [13.84311, 53.97956], [13.846202, 53.972235], [13.849132, 53.967597], [13.850271, 53.964016], [13.848969, 53.959459], [13.848643, 53.955552], [13.85255, 53.953843], [13.866873, 53.954657], [13.870128, 53.953843], [13.875499, 53.951239], [13.881602, 53.949042], [13.88795, 53.947577], [13.893565, 53.947089], [13.906016, 53.943061], [13.907563, 53.933539], [13.901378, 53.922309], [13.890147, 53.912909], [13.818533, 53.877997], [13.808116, 53.865139], [13.817068, 53.852932], [13.835785, 53.84748], [13.85434, 53.844916], [13.862804, 53.841254], [13.869151, 53.830308], [13.8838, 53.817694], [13.899913, 53.809149], [13.910655, 53.810492], [13.984223, 53.773993], [14.017345, 53.769517], [14.033539, 53.757514], [14.037446, 53.755276], [14.061534, 53.756415], [14.068858, 53.755276], [14.094005, 53.746324], [14.10613, 53.743354], [14.186534, 53.739814], [14.214692, 53.744859], [14.226573, 53.758694], [14.234141, 53.761786], [14.250173, 53.759955], [14.264496, 53.751614], [14.267426, 53.735419], [14.259532, 53.727973], [14.212738, 53.708075], [14.225352, 53.703762], [14.240001, 53.700751], [14.256196, 53.699449], [14.263927, 53.699978], [14.273692, 53.700629], [14.291677, 53.705268], [14.304861, 53.712551], [14.306163, 53.720689], [14.288585, 53.727973], [14.29835, 53.731431], [14.301606, 53.734849], [14.29835, 53.738267], [14.288585, 53.741645], [14.2942, 53.749091], [14.304047, 53.743883], [14.318044, 53.739732], [14.330414, 53.734198], [14.342052, 53.714911], [14.356212, 53.708441], [14.383556, 53.700629], [14.403575, 53.687812], [14.414561, 53.682359], [14.458669, 53.677883], [14.51238, 53.666449], [14.531016, 53.657782], [14.546235, 53.644761], [14.579112, 53.607245], [14.590587, 53.598375], [14.595876, 53.601304], [14.597016, 53.617336], [14.601573, 53.626654], [14.610037, 53.632758], [14.62379, 53.639228], [14.623057, 53.643012], [14.622813, 53.646959], [14.62379, 53.652818], [14.613048, 53.65469], [14.587413, 53.656073], [14.575938, 53.659654], [14.544932, 53.704047], [14.551443, 53.726142], [14.575938, 53.769517], [14.587413, 53.763495], [14.597341, 53.765204], [14.608246, 53.769029], [14.62379, 53.769517], [14.61671, 53.794745], [14.620372, 53.814846], [14.627289, 53.832709], [14.630626, 53.851508], [14.62379, 53.851508], [14.621349, 53.839545], [14.613536, 53.83161], [14.58961, 53.817328], [14.595876, 53.810492], [14.587087, 53.812649], [14.580089, 53.815334], [14.574474, 53.819078], [14.569102, 53.824164], [14.574229, 53.827094], [14.583263, 53.834215], [14.58961, 53.837836], [14.575857, 53.854804], [14.552094, 53.862779], [14.441173, 53.869615], [14.425548, 53.879828], [14.438162, 53.899319], [14.434906, 53.901313], [14.434093, 53.901597], [14.433767, 53.902411], [14.431895, 53.906155], [14.422048, 53.896145], [14.414236, 53.894721], [14.405772, 53.897406], [14.393809, 53.899319], [14.385102, 53.897284], [14.378266, 53.89232], [14.371593, 53.885891], [14.363048, 53.879381], [14.392914, 53.875963], [14.40919, 53.871568], [14.417654, 53.865139], [14.415701, 53.853013], [14.405284, 53.844184], [14.392589, 53.840725], [14.383556, 53.844672], [14.356212, 53.834459], [14.342621, 53.831855], [14.328298, 53.831], [14.328298, 53.824164], [14.342052, 53.82099], [14.341319, 53.818915], [14.328298, 53.817328], [14.318858, 53.818183], [14.303071, 53.823065], [14.291352, 53.824164], [14.274669, 53.830797], [14.226573, 53.871975], [14.203136, 53.878323], [14.200857, 53.87816], [14.087413, 53.870429], [14.065115, 53.872382], [14.04835, 53.879381], [14.025076, 53.863837], [13.99586, 53.853746], [13.938487, 53.844672], [13.875255, 53.844062], [13.840099, 53.850287], [13.821788, 53.865139], [13.834727, 53.867987], [13.855479, 53.877387], [13.887706, 53.881537], [13.922374, 53.893378], [13.931651, 53.899319], [13.938975, 53.928209], [13.901866, 53.969794], [13.90447, 53.995429], [13.954845, 53.993598], [13.972667, 53.989244], [13.965831, 53.981838], [13.968272, 53.976264], [13.960297, 53.956732], [13.958995, 53.940863], [13.97462, 53.957343], [13.987478, 53.961412], [14.027843, 53.961371], [14.022634, 53.95897], [14.018565, 53.956366], [14.01588, 53.952704], [14.014334, 53.947089], [14.04835, 53.940863], [14.040294, 53.953843], [14.053071, 53.97842], [14.05128, 54.005072], [14.037446, 54.021715], [14.014334, 54.016018], [14.006196, 54.032294], [13.995291, 54.045722], [13.9817, 54.056342], [13.965831, 54.063788], [13.946056, 54.066596], [13.926117, 54.064032], [13.915863, 54.056383], [13.924815, 54.043891], [13.924815, 54.036444], [13.91627, 54.033637], [13.907237, 54.027493], [13.899913, 54.019721], [13.896983, 54.012274], [13.89088, 54.010159], [13.855968, 54.002346], [13.858084, 54.015774], [13.865571, 54.024075], [13.873546, 54.029975], [13.876313, 54.036444], [13.871104, 54.048651], [13.863617, 54.049994], [13.854991, 54.046332], [13.823009, 54.037909], [13.808279, 54.026313], [13.7942, 54.018134], [13.774099, 54.022773], [13.782074, 54.042141], [13.809255, 54.0751], [13.814952, 54.101264], [13.806163, 54.116645], [13.76531, 54.141913], [13.75294, 54.153144], [13.762218, 54.164455], [13.777599, 54.174018], [13.796153, 54.17829], [13.814952, 54.173651], [13.823741, 54.163967], [13.844086, 54.131293], [13.855968, 54.118354], [13.882498, 54.102444], [13.948416, 54.079779], [13.986176, 54.071234], [14.016612, 54.060004], [14.192393, 53.946112], [14.209483, 53.938625], [14.210053, 53.938463], [14.226573, 53.934027], [14.237478, 53.928656], [14.268077, 53.92182], [14.367035, 53.916978], [14.406749, 53.92182], [14.445567, 53.934027], [14.517345, 53.965237], [14.781912, 54.034613], [15.010102, 54.06981], [15.288341, 54.138861], [15.468516, 54.167141], [15.665782, 54.198432], [15.859711, 54.249986], [16.020844, 54.261786], [16.131521, 54.283515], [16.118907, 54.276028], [16.069347, 54.263007], [16.091075, 54.253974], [16.17921, 54.263007], [16.17921, 54.269192], [16.172374, 54.269192], [16.172374, 54.276597], [16.220063, 54.276597], [16.219574, 54.28148], [16.218516, 54.282375], [16.216645, 54.28205], [16.213227, 54.283515], [16.21518, 54.299628], [16.192149, 54.300279], [16.137706, 54.290269], [16.17213, 54.300238], [16.213552, 54.316107], [16.275401, 54.358588], [16.262869, 54.343695], [16.240489, 54.330024], [16.231781, 54.322577], [16.240896, 54.32453], [16.259044, 54.326728], [16.274913, 54.330471], [16.288829, 54.340237], [16.323904, 54.349921], [16.336762, 54.358588], [16.32488, 54.373114], [16.305024, 54.373481], [16.296235, 54.367255], [16.281586, 54.358588], [16.323985, 54.401313], [16.439789, 54.488267], [16.439789, 54.482123], [16.434418, 54.472357], [16.444509, 54.469875], [16.460623, 54.473456], [16.473399, 54.482123], [16.479747, 54.495551], [16.473888, 54.499661], [16.460948, 54.496487], [16.446056, 54.488267], [16.466563, 54.512152], [16.501313, 54.532416], [16.569591, 54.557196], [16.778494, 54.575141], [16.85963, 54.59394], [16.902192, 54.598131], [16.939952, 54.606024]]}}, {"type": "Feature", "properties": {}, "geometry": {"type": "LineString", "coordinates": [[8.963145, 54.523668], [8.9192, 54.530463], [8.879649, 54.52912], [8.844493, 54.519721], [8.812836, 54.501939], [8.820974, 54.49726], [8.825531, 54.491197], [8.823741, 54.485541], [8.812836, 54.482123], [8.823904, 54.470852], [8.844493, 54.466498], [8.88795, 54.468451], [8.911306, 54.475491], [8.925792, 54.486762], [8.938487, 54.499091], [8.956879, 54.509426], [8.955821, 54.51496], [8.956309, 54.519436], [8.958507, 54.522447], [8.963145, 54.523668]]}}, {"type": "Feature", "properties": {}, "geometry": {"type": "LineString", "coordinates": [[11.255626, 54.478705], [11.240001, 54.495551], [11.232107, 54.501654], [11.206554, 54.514472], [11.121267, 54.535956], [11.072927, 54.531195], [11.033702, 54.508857], [11.005707, 54.468451], [11.008474, 54.454657], [11.020356, 54.45897], [11.025727, 54.458808], [11.029145, 54.454657], [11.032481, 54.447333], [11.039887, 54.447333], [11.047374, 54.453274], [11.058116, 54.455268], [11.084321, 54.454779], [11.098643, 54.451646], [11.103282, 54.443834], [11.101329, 54.423489], [11.112641, 54.415229], [11.138845, 54.412665], [11.179047, 54.414211], [11.174653, 54.416002], [11.170177, 54.420071], [11.188487, 54.426174], [11.31422, 54.413804], [11.255626, 54.478705]]}}, {"type": "Feature", "properties": {}, "geometry": {"type": "LineString", "coordinates": [[13.143403, 54.598131], [13.143403, 54.577704], [13.149669, 54.577704], [13.149669, 54.591376], [13.153656, 54.591132], [13.156505, 54.589057], [13.157074, 54.587958], [13.157237, 54.599066], [13.151052, 54.604926], [13.139822, 54.606024], [13.125987, 54.605618], [13.10963, 54.603095], [13.102306, 54.596096], [13.095551, 54.570787], [13.06422, 54.505113], [13.061371, 54.482123], [13.061371, 54.468451], [13.068207, 54.468451], [13.069591, 54.489651], [13.071462, 54.499661], [13.075043, 54.509426], [13.081065, 54.517157], [13.095225, 54.524359], [13.10255, 54.529934], [13.112153, 54.550686], [13.113129, 54.570054], [13.118907, 54.586412], [13.143403, 54.598131]]}}, {"type": "Feature", "properties": {}, "geometry": {"type": "LineString", "coordinates": [[13.698253, 54.392076], [13.677419, 54.400824], [13.630056, 54.407538], [13.609548, 54.413804], [13.599132, 54.422675], [13.587901, 54.437567], [13.579112, 54.455064], [13.57545, 54.471869], [13.584809, 54.486518], [13.606781, 54.498969], [13.651134, 54.516262], [13.677257, 54.540473], [13.670665, 54.56623], [13.640473, 54.585679], [13.595958, 54.591376], [13.466319, 54.57689], [13.424571, 54.58515], [13.407725, 54.593411], [13.394542, 54.604438], [13.385997, 54.618638], [13.382986, 54.636379], [13.39088, 54.650539], [13.409028, 54.659817], [13.429698, 54.666734], [13.445079, 54.673896], [13.445079, 54.68008], [13.418712, 54.688422], [13.390798, 54.688178], [13.253591, 54.665025], [13.241547, 54.65998], [13.230968, 54.653306], [13.225352, 54.646552], [13.224783, 54.634955], [13.231212, 54.633857], [13.24586, 54.639797], [13.290538, 54.646552], [13.293468, 54.642279], [13.29127, 54.632961], [13.286957, 54.623521], [13.283946, 54.619289], [13.269867, 54.611802], [13.256847, 54.594916], [13.249766, 54.576483], [13.253266, 54.564643], [13.273285, 54.56094], [13.291352, 54.568793], [13.30836, 54.579576], [13.331798, 54.587836], [13.347911, 54.600816], [13.355724, 54.605618], [13.369151, 54.612128], [13.371349, 54.6081], [13.382986, 54.598131], [13.389659, 54.591051], [13.393077, 54.58454], [13.399262, 54.579576], [13.414317, 54.577704], [13.423839, 54.57453], [13.430675, 54.56745], [13.436046, 54.56037], [13.441417, 54.557196], [13.475759, 54.556098], [13.486583, 54.557196], [13.493907, 54.560736], [13.500255, 54.566067], [13.508311, 54.57038], [13.520763, 54.570787], [13.520763, 54.564643], [13.512869, 54.563544], [13.5088, 54.561835], [13.505544, 54.559719], [13.499685, 54.557196], [13.499685, 54.55036], [13.507498, 54.544664], [13.51295, 54.537543], [13.520763, 54.523668], [13.520763, 54.516262], [13.514171, 54.513129], [13.509288, 54.508979], [13.499685, 54.495754], [13.507091, 54.488267], [13.455577, 54.487494], [13.430675, 54.492743], [13.410899, 54.509426], [13.417328, 54.524563], [13.405528, 54.538235], [13.387869, 54.551256], [13.37672, 54.564643], [13.363129, 54.557196], [13.363129, 54.55036], [13.371837, 54.548896], [13.381358, 54.544379], [13.389822, 54.542914], [13.3838, 54.531887], [13.374848, 54.52558], [13.363292, 54.523139], [13.348888, 54.523668], [13.358084, 54.538153], [13.363129, 54.542914], [13.358653, 54.547553], [13.353852, 54.549872], [13.348399, 54.550482], [13.342052, 54.55036], [13.350759, 54.555976], [13.358246, 54.564765], [13.369395, 54.58515], [13.35255, 54.581448], [13.333669, 54.573065], [13.31544, 54.561957], [13.301036, 54.55036], [13.309255, 54.534817], [13.305512, 54.523424], [13.297862, 54.51968], [13.29363, 54.526801], [13.288259, 54.539944], [13.276541, 54.545071], [13.264903, 54.547797], [13.259532, 54.553778], [13.242931, 54.555976], [13.166352, 54.549384], [13.143403, 54.542914], [13.152354, 54.542955], [13.158865, 54.540676], [13.162608, 54.535468], [13.163829, 54.526801], [13.166026, 54.51911], [13.170665, 54.516791], [13.175304, 54.516018], [13.177501, 54.512844], [13.185395, 54.508287], [13.203298, 54.509467], [13.232758, 54.516262], [13.233653, 54.509223], [13.231944, 54.506008], [13.22877, 54.504299], [13.225352, 54.501939], [13.233246, 54.493069], [13.245372, 54.488349], [13.273123, 54.482123], [13.266856, 54.477484], [13.260753, 54.475491], [13.259532, 54.475287], [13.259532, 54.468451], [13.239024, 54.466254], [13.208832, 54.456936], [13.181814, 54.45303], [13.174327, 54.447659], [13.156993, 54.426825], [13.201427, 54.433661], [13.211599, 54.431098], [13.217947, 54.425686], [13.225352, 54.420844], [13.239024, 54.420071], [13.239024, 54.413804], [13.234386, 54.403388], [13.239268, 54.393622], [13.25115, 54.386908], [13.266856, 54.385891], [13.237153, 54.373969], [13.223318, 54.372504], [13.211681, 54.379096], [13.204845, 54.37226], [13.174327, 54.383979], [13.148936, 54.377265], [13.129242, 54.359565], [13.115489, 54.33808], [13.177501, 54.310207], [13.177501, 54.303941], [13.162283, 54.307685], [13.148936, 54.304755], [13.142833, 54.298], [13.149669, 54.290269], [13.159679, 54.290961], [13.190278, 54.29975], [13.204845, 54.297187], [13.199229, 54.28441], [13.210134, 54.275824], [13.227794, 54.270819], [13.242442, 54.269192], [13.24879, 54.266262], [13.257986, 54.260443], [13.267914, 54.256496], [13.276866, 54.259263], [13.28419, 54.262844], [13.294688, 54.264106], [13.314708, 54.263007], [13.31186, 54.266425], [13.307872, 54.269192], [13.313975, 54.2744], [13.320567, 54.278388], [13.335216, 54.283515], [13.32488, 54.268215], [13.319509, 54.256415], [13.311534, 54.251125], [13.347016, 54.237454], [13.378673, 54.230862], [13.407237, 54.228217], [13.423025, 54.232733], [13.425059, 54.243232], [13.417735, 54.266059], [13.410899, 54.26789], [13.363129, 54.263007], [13.364757, 54.26203], [13.367524, 54.261949], [13.36964, 54.260647], [13.369395, 54.255561], [13.355724, 54.248725], [13.35963, 54.275458], [13.381602, 54.282213], [13.406098, 54.285224], [13.417735, 54.300523], [13.428884, 54.31094], [13.481781, 54.338284], [13.499685, 54.344916], [13.599294, 54.351752], [13.610606, 54.347968], [13.618337, 54.341376], [13.626801, 54.339097], [13.64031, 54.348334], [13.650076, 54.352444], [13.664073, 54.353258], [13.690929, 54.351752], [13.690929, 54.344916], [13.67213, 54.340318], [13.616954, 54.317613], [13.636729, 54.325507], [13.659923, 54.329779], [13.711925, 54.331855], [13.703624, 54.320461], [13.688243, 54.3133], [13.651134, 54.303941], [13.651134, 54.297187], [13.663341, 54.293891], [13.679454, 54.294013], [13.694835, 54.297431], [13.705089, 54.303941], [13.711925, 54.303941], [13.715994, 54.29328], [13.711925, 54.286566], [13.702647, 54.283515], [13.690929, 54.283515], [13.712738, 54.278998], [13.723155, 54.278388], [13.726248, 54.284654], [13.726248, 54.300523], [13.730154, 54.31684], [13.740082, 54.32982], [13.753103, 54.339301], [13.766449, 54.344916], [13.741954, 54.350491], [13.724864, 54.363593], [13.698253, 54.392076]]}}, {"type": "Feature", "properties": {}, "geometry": {"type": "LineString", "coordinates": [[8.332367, 54.693793], [8.342459, 54.701402], [8.353526, 54.707994], [8.356293, 54.709174], [8.359141, 54.70893], [8.360688, 54.710028], [8.360362, 54.71483], [8.33839, 54.71015], [8.320486, 54.698717], [8.291515, 54.66706], [8.311371, 54.651353], [8.330251, 54.631415], [8.353689, 54.618964], [8.387706, 54.626125], [8.401378, 54.632961], [8.382335, 54.639146], [8.332367, 54.693793]]}}, {"type": "Feature", "properties": {}, "geometry": {"type": "LineString", "coordinates": [[8.497569, 54.756415], [8.464122, 54.754788], [8.436778, 54.748481], [8.414236, 54.735785], [8.394542, 54.71483], [8.45281, 54.693834], [8.485199, 54.688056], [8.511241, 54.693793], [8.519867, 54.689602], [8.535167, 54.686184], [8.552094, 54.685004], [8.565766, 54.687567], [8.574067, 54.694403], [8.58546, 54.713609], [8.593761, 54.721666], [8.593761, 54.728502], [8.575938, 54.746405], [8.553233, 54.754462], [8.497569, 54.756415]]}}, {"type": "Feature", "properties": {}, "geometry": {"type": "LineString", "coordinates": [[11.845225, 54.73192], [11.855479, 54.743598], [11.855479, 54.749457], [11.851329, 54.756822], [11.848643, 54.773179], [11.837738, 54.782782], [11.787608, 54.806871], [11.77296, 54.824693], [11.777192, 54.825995], [11.787283, 54.831529], [11.770681, 54.834296], [11.755626, 54.841132], [11.731944, 54.858873], [11.725759, 54.873358], [11.649425, 54.91352], [11.646332, 54.902289], [11.644786, 54.889635], [11.647227, 54.877143], [11.656261, 54.866278], [11.646332, 54.865383], [11.622081, 54.858873], [11.594737, 54.858873], [11.572765, 54.847968], [11.573578, 54.839342], [11.585134, 54.828518], [11.594737, 54.811103], [11.416759, 54.86933], [11.392751, 54.872504], [11.368907, 54.88109], [11.338878, 54.919135], [11.321056, 54.92772], [11.303477, 54.93244], [11.256033, 54.954576], [11.2317, 54.961249], [11.088145, 54.944159], [11.073985, 54.948188], [11.0324, 54.919257], [11.018809, 54.903388], [11.018809, 54.886176], [11.025238, 54.879462], [11.07838, 54.841132], [11.09197, 54.835028], [11.108165, 54.831529], [11.089692, 54.810614], [11.06129, 54.809312], [11.030772, 54.812161], [11.005707, 54.803656], [10.999197, 54.78677], [11.009288, 54.771633], [11.030528, 54.760647], [11.084646, 54.753119], [11.138194, 54.738593], [11.187755, 54.732245], [11.297699, 54.691555], [11.358735, 54.660549], [11.451834, 54.628363], [11.474376, 54.626125], [11.512218, 54.646552], [11.560069, 54.659613], [11.610525, 54.666409], [11.766124, 54.646552], [11.81072, 54.655097], [11.842621, 54.676215], [11.846446, 54.697821], [11.806977, 54.707994], [11.814708, 54.718695], [11.823578, 54.722113], [11.833832, 54.724555], [11.845225, 54.73192]]}}, {"type": "Feature", "properties": {}, "geometry": {"type": "LineString", "coordinates": [[10.450206, 54.899807], [10.463634, 54.882473], [10.460948, 54.874498], [10.446788, 54.872382], [10.426036, 54.872504], [10.415212, 54.878485], [10.403087, 54.908393], [10.388845, 54.920315], [10.395844, 54.903469], [10.391368, 54.895453], [10.379405, 54.893052], [10.364268, 54.893012], [10.34962, 54.896715], [10.33725, 54.905911], [10.313731, 54.92772], [10.288748, 54.940741], [10.203868, 54.968085], [10.18922, 54.977484], [10.19516, 54.961859], [10.211436, 54.939358], [10.383474, 54.830756], [10.406261, 54.824693], [10.41863, 54.827826], [10.440115, 54.841498], [10.518565, 54.851996], [10.508149, 54.854926], [10.498709, 54.858873], [10.499197, 54.874579], [10.485688, 54.883694], [10.466645, 54.89057], [10.450206, 54.899807]]}}, {"type": "Feature", "properties": {}, "geometry": {"type": "LineString", "coordinates": [[12.417166, 55.030219], [12.335297, 55.033271], [12.301768, 55.04206], [12.28004, 55.064276], [12.261974, 55.064276], [12.250987, 55.060736], [12.247569, 55.05386], [12.252696, 55.04385], [12.261567, 55.036811], [12.2942, 55.023383], [12.2942, 55.016547], [12.285655, 55.013129], [12.281261, 55.007148], [12.281505, 54.999091], [12.286876, 54.989203], [12.27475, 54.984442], [12.242198, 54.97663], [12.232188, 54.975531], [12.217296, 54.978664], [12.193126, 54.988349], [12.177013, 54.989203], [12.184337, 54.975531], [12.177013, 54.968085], [12.164399, 54.972642], [12.151378, 54.968899], [12.129161, 54.954413], [12.134532, 54.951606], [12.144054, 54.943793], [12.149099, 54.940823], [12.138194, 54.937242], [12.128917, 54.931627], [12.124685, 54.923733], [12.129161, 54.91352], [12.115001, 54.91352], [12.115001, 54.907294], [12.178722, 54.888983], [12.207774, 54.886176], [12.226817, 54.892646], [12.28004, 54.934556], [12.313975, 54.950873], [12.348399, 54.960028], [12.384613, 54.96308], [12.502778, 54.948188], [12.526215, 54.948676], [12.542654, 54.951158], [12.551768, 54.95718], [12.553722, 54.968085], [12.537608, 55.002387], [12.504731, 55.019761], [12.417166, 55.030219]]}}, {"type": "Feature", "properties": {}, "geometry": {"type": "LineString", "coordinates": [[8.360362, 54.948188], [8.351573, 54.966742], [8.36199, 54.986802], [8.38087, 55.003079], [8.42156, 55.016262], [8.430431, 55.030015], [8.422211, 55.042182], [8.394542, 55.04385], [8.402354, 55.048774], [8.46339, 55.050686], [8.415782, 55.065334], [8.373709, 55.03498], [8.298025, 54.912543], [8.288585, 54.891303], [8.277029, 54.782782], [8.277843, 54.756415], [8.284434, 54.742377], [8.290701, 54.745307], [8.295746, 54.759101], [8.29835, 54.776923], [8.294932, 54.831529], [8.297862, 54.835598], [8.299327, 54.855292], [8.302013, 54.862616], [8.30714, 54.865383], [8.337413, 54.87759], [8.343923, 54.879096], [8.353526, 54.87934], [8.36199, 54.876939], [8.370616, 54.868232], [8.377126, 54.866278], [8.446056, 54.866278], [8.461192, 54.868801], [8.48878, 54.881293], [8.504405, 54.886176], [8.629405, 54.882148], [8.65447, 54.893622], [8.436534, 54.887274], [8.388357, 54.894232], [8.354503, 54.912746], [8.360362, 54.948188]]}}, {"type": "Feature", "properties": {}, "geometry": {"type": "LineString", "coordinates": [[10.011404, 54.975531], [9.986583, 54.997748], [9.960948, 55.015041], [9.929047, 55.02619], [9.884776, 55.030219], [9.853038, 55.040107], [9.793468, 55.080756], [9.751964, 55.085395], [9.716645, 55.082221], [9.628429, 55.058051], [9.628429, 55.050686], [9.645518, 55.044867], [9.661632, 55.046536], [9.678233, 55.050198], [9.696625, 55.050686], [9.691254, 55.042792], [9.672374, 55.034654], [9.668793, 55.030219], [9.674164, 55.021064], [9.684825, 55.018541], [9.696951, 55.017524], [9.706879, 55.013129], [9.720551, 55.012274], [9.799083, 55.016547], [9.799083, 55.009711], [9.786794, 55.000149], [9.793712, 54.992174], [9.835216, 54.975165], [9.842133, 54.970282], [9.836681, 54.968085], [9.832774, 54.965155], [9.836681, 54.958564], [9.843272, 54.951728], [9.847504, 54.948188], [9.827403, 54.945461], [9.804047, 54.95718], [9.780284, 54.972846], [9.758149, 54.981757], [9.758149, 54.975531], [9.764415, 54.975531], [9.761241, 54.943061], [9.780935, 54.916815], [9.814708, 54.901068], [9.85377, 54.899807], [9.863536, 54.903062], [9.87794, 54.911322], [9.88795, 54.91352], [9.898285, 54.912991], [9.943696, 54.903632], [9.991547, 54.87934], [9.991547, 54.872504], [9.963878, 54.87995], [9.932302, 54.892808], [9.90089, 54.900702], [9.874278, 54.893012], [9.874278, 54.886176], [9.891124, 54.879299], [9.937185, 54.870917], [9.953624, 54.862616], [9.968028, 54.859524], [9.987559, 54.865912], [10.007091, 54.874823], [10.021983, 54.87934], [10.050466, 54.878852], [10.064464, 54.881008], [10.065115, 54.890815], [10.02589, 54.959784], [10.011404, 54.975531]]}}, {"type": "Feature", "properties": {}, "geometry": {"type": "LineString", "coordinates": [[10.854991, 55.04385], [10.798188, 54.996568], [10.774099, 54.986558], [10.718272, 54.949164], [10.697032, 54.931342], [10.682953, 54.907294], [10.691905, 54.902981], [10.700369, 54.901557], [10.708995, 54.902981], [10.717784, 54.907294], [10.722179, 54.896064], [10.724457, 54.886176], [10.698904, 54.881171], [10.693858, 54.882758], [10.684418, 54.887844], [10.678559, 54.883043], [10.669281, 54.866278], [10.653494, 54.85163], [10.64088, 54.843207], [10.625336, 54.839301], [10.601085, 54.838324], [10.632091, 54.823432], [10.645518, 54.814602], [10.656423, 54.803656], [10.681895, 54.744818], [10.693858, 54.735297], [10.71754, 54.735785], [10.731293, 54.740058], [10.741059, 54.752387], [10.837738, 54.937242], [10.889903, 54.997382], [10.908946, 55.030219], [10.956716, 55.153713], [10.934255, 55.159654], [10.895518, 55.121527], [10.86199, 55.072089], [10.854991, 55.04385]]}}, {"type": "Feature", "properties": {}, "geometry": {"type": "LineString", "coordinates": [[15.151378, 55.133205], [15.131602, 55.145453], [15.084543, 55.154579], [15.012869, 55.183824], [15.000499, 55.188422], [14.989757, 55.196031], [14.973399, 55.216132], [14.954354, 55.219254], [14.926799, 55.215799], [14.889008, 55.233222], [14.851422, 55.2482], [14.828949, 55.261705], [14.814952, 55.270413], [14.774587, 55.3039], [14.760916, 55.309272], [14.752126, 55.298774], [14.745128, 55.281562], [14.737071, 55.266669], [14.71754, 55.246772], [14.709239, 55.235826], [14.70574, 55.225653], [14.701427, 55.1647], [14.697045, 55.122654], [14.684173, 55.101347], [14.699555, 55.089179], [14.780833, 55.051128], [14.858607, 55.038226], [14.927265, 55.013692], [14.98287, 55.001013], [15.023664, 54.999339], [15.072666, 54.991638], [15.086686, 54.999213], [15.097353, 55.007823], [15.113242, 55.018295], [15.110362, 55.030219], [15.110362, 55.036363], [15.106619, 55.044664], [15.112804, 55.054633], [15.134288, 55.074856], [15.144705, 55.087104], [15.147716, 55.095608], [15.14503, 55.104885], [15.137706, 55.119534], [15.142345, 55.122138], [15.144542, 55.124823], [15.146658, 55.128241], [15.151378, 55.133205]]}}, {"type": "Feature", "properties": {}, "geometry": {"type": "LineString", "coordinates": [[8.47641, 55.345445], [8.467459, 55.353705], [8.46046, 55.372382], [8.452891, 55.383368], [8.450206, 55.393378], [8.463064, 55.415717], [8.46339, 55.427436], [8.448904, 55.435533], [8.428559, 55.433539], [8.411957, 55.438707], [8.408214, 55.468411], [8.37436, 55.463284], [8.364268, 55.449042], [8.370942, 55.427436], [8.402354, 55.380032], [8.425304, 55.355536], [8.451671, 55.339748], [8.47641, 55.345445]]}}, {"type": "Feature", "properties": {}, "geometry": {"type": "LineString", "coordinates": [[10.66627, 55.064276], [10.705577, 55.062567], [10.717784, 55.064276], [10.733653, 55.071845], [10.742686, 55.081692], [10.74936, 55.093085], [10.7588, 55.105292], [10.783376, 55.124213], [10.786632, 55.129462], [10.787852, 55.149482], [10.790782, 55.156928], [10.806, 55.177395], [10.812673, 55.194281], [10.815196, 55.214057], [10.813324, 55.235582], [10.805349, 55.250434], [10.778656, 55.274848], [10.77296, 55.287095], [10.780284, 55.304918], [10.796886, 55.307685], [10.815115, 55.300849], [10.826915, 55.290269], [10.834321, 55.290269], [10.82838, 55.306586], [10.803071, 55.349758], [10.796641, 55.358547], [10.697927, 55.440253], [10.682953, 55.447903], [10.615733, 55.456855], [10.595958, 55.459662], [10.588552, 55.449408], [10.58961, 55.446234], [10.594249, 55.441067], [10.579438, 55.435858], [10.563324, 55.436225], [10.554047, 55.442572], [10.559418, 55.455308], [10.5713, 55.461249], [10.58839, 55.463365], [10.657481, 55.459703], [10.703949, 55.471137], [10.733084, 55.481879], [10.742361, 55.487494], [10.744477, 55.495551], [10.738129, 55.509345], [10.716807, 55.52143], [10.714366, 55.523627], [10.709239, 55.527045], [10.707042, 55.53498], [10.706065, 55.543891], [10.704112, 55.550279], [10.656912, 55.594875], [10.627615, 55.613593], [10.608572, 55.612982], [10.608409, 55.606269], [10.615001, 55.581448], [10.614594, 55.564602], [10.599132, 55.573676], [10.594249, 55.578274], [10.600841, 55.561225], [10.610525, 55.543647], [10.61378, 55.527899], [10.601085, 55.516791], [10.595551, 55.521389], [10.582286, 55.52912], [10.569835, 55.532416], [10.566905, 55.523627], [10.571056, 55.518704], [10.579112, 55.514106], [10.588715, 55.510688], [10.597667, 55.509345], [10.602306, 55.506252], [10.607188, 55.499416], [10.609141, 55.49258], [10.604747, 55.489447], [10.566905, 55.482652], [10.502452, 55.463568], [10.491222, 55.465277], [10.471528, 55.443061], [10.436046, 55.442125], [10.419607, 55.458808], [10.457042, 55.489447], [10.467784, 55.492133], [10.477794, 55.492499], [10.486013, 55.494778], [10.491222, 55.503119], [10.489106, 55.509101], [10.474376, 55.515815], [10.470714, 55.520209], [10.475271, 55.531968], [10.486827, 55.537177], [10.502452, 55.537177], [10.518809, 55.533433], [10.488536, 55.545478], [10.471934, 55.549018], [10.453624, 55.550279], [10.444184, 55.553168], [10.435395, 55.559719], [10.423025, 55.572008], [10.4074, 55.582953], [10.33839, 55.610093], [10.307628, 55.618232], [10.293793, 55.616116], [10.29713, 55.595649], [10.29363, 55.58808], [10.279552, 55.58511], [10.279063, 55.588324], [10.272797, 55.602525], [10.272146, 55.605536], [10.264171, 55.606635], [10.237315, 55.605536], [10.212657, 55.600653], [10.16863, 55.582261], [10.039317, 55.557766], [9.940278, 55.519232], [9.888194, 55.508694], [9.840099, 55.523627], [9.831309, 55.534735], [9.830821, 55.543118], [9.827403, 55.548407], [9.809093, 55.550279], [9.755138, 55.544135], [9.717784, 55.516791], [9.704763, 55.512397], [9.693533, 55.510199], [9.68393, 55.506049], [9.67628, 55.495673], [9.71339, 55.491034], [9.812185, 55.441067], [9.786306, 55.437201], [9.758474, 55.447496], [9.730235, 55.461493], [9.703461, 55.468411], [9.703461, 55.462144], [9.737315, 55.438178], [9.751313, 55.434882], [9.791026, 55.43183], [9.809255, 55.425482], [9.819591, 55.413764], [9.793712, 55.412787], [9.785492, 55.413764], [9.840099, 55.400092], [9.830089, 55.388902], [9.81365, 55.385159], [9.794932, 55.383857], [9.778087, 55.380276], [9.802419, 55.362372], [9.81658, 55.355211], [9.829845, 55.352281], [9.858897, 55.354071], [9.874522, 55.353339], [9.884776, 55.348863], [9.881684, 55.314439], [9.883962, 55.308783], [9.89324, 55.291246], [9.895356, 55.28026], [9.89324, 55.274644], [9.883962, 55.265611], [9.881684, 55.259508], [9.883962, 55.253485], [9.89324, 55.244452], [9.895356, 55.239], [9.900157, 55.234117], [9.911388, 55.228502], [9.924001, 55.223944], [9.964122, 55.218166], [9.979503, 55.212836], [9.980724, 55.204901], [9.974294, 55.195258], [9.972016, 55.184719], [9.974294, 55.174018], [9.98878, 55.151842], [9.989757, 55.143378], [9.98699, 55.13935], [9.984141, 55.140082], [9.984386, 55.13467], [9.982921, 55.130601], [9.985525, 55.127753], [10.020681, 55.124457], [10.025645, 55.125718], [10.029145, 55.142401], [9.994477, 55.172797], [9.991547, 55.188422], [10.003591, 55.197333], [10.016612, 55.194281], [10.039317, 55.180976], [10.055837, 55.179755], [10.067556, 55.182278], [10.078949, 55.18594], [10.094005, 55.188422], [10.112966, 55.183783], [10.12615, 55.17064], [10.138682, 55.154283], [10.156016, 55.140082], [10.142589, 55.1258], [10.065929, 55.092231], [10.083507, 55.086982], [10.121267, 55.092475], [10.141775, 55.092231], [10.158376, 55.086656], [10.181895, 55.070868], [10.197032, 55.064276], [10.197602, 55.086086], [10.205251, 55.093695], [10.234223, 55.092231], [10.312755, 55.063666], [10.325938, 55.062893], [10.350922, 55.064276], [10.362559, 55.06273], [10.371349, 55.059027], [10.379161, 55.054511], [10.388845, 55.050686], [10.410655, 55.046942], [10.47755, 55.04385], [10.516856, 55.031317], [10.538259, 55.029731], [10.556407, 55.040107], [10.568858, 55.049872], [10.586111, 55.057522], [10.604747, 55.062567], [10.62143, 55.064276], [10.66627, 55.064276]]}}, {"type": "Feature", "properties": {}, "geometry": {"type": "LineString", "coordinates": [[12.615733, 55.688137], [12.614106, 55.69245], [12.612559, 55.695136], [12.608409, 55.701117], [12.595063, 55.691352], [12.578136, 55.666449], [12.567393, 55.653998], [12.556814, 55.646959], [12.543956, 55.640367], [12.531016, 55.631903], [12.520193, 55.619208], [12.520518, 55.596747], [12.534841, 55.569322], [12.556326, 55.550482], [12.577973, 55.554023], [12.588878, 55.561347], [12.605724, 55.569281], [12.624197, 55.575629], [12.639415, 55.578274], [12.674571, 55.601264], [12.673839, 55.605536], [12.615733, 55.688137]]}}, {"type": "Feature", "properties": {}, "geometry": {"type": "LineString", "coordinates": [[10.559418, 55.866278], [10.542166, 55.85814], [10.52768, 55.853909], [10.517263, 55.845526], [10.511567, 55.825263], [10.520274, 55.78856], [10.54713, 55.765204], [10.582205, 55.759752], [10.614594, 55.776842], [10.62436, 55.794338], [10.623302, 55.827704], [10.628266, 55.845771], [10.65504, 55.865383], [10.669281, 55.880032], [10.66627, 55.886705], [10.65919, 55.880764], [10.650645, 55.870103], [10.638682, 55.866116], [10.62143, 55.879869], [10.616384, 55.889797], [10.615408, 55.900336], [10.619395, 55.910956], [10.628266, 55.920844], [10.602794, 55.925238], [10.580251, 55.93651], [10.56422, 55.953843], [10.556814, 55.995795], [10.543956, 55.997992], [10.528819, 55.989203], [10.518565, 55.976142], [10.515391, 55.951239], [10.528331, 55.940619], [10.548595, 55.935736], [10.566905, 55.92829], [10.580251, 55.911526], [10.581065, 55.894517], [10.57309, 55.878852], [10.559418, 55.866278]]}}, {"type": "Feature", "properties": {}, "geometry": {"type": "LineString", "coordinates": [[12.040375, 54.893012], [12.023936, 54.898017], [11.991466, 54.916327], [11.982188, 54.920315], [11.980235, 54.924262], [11.965994, 54.942613], [11.957856, 54.948188], [11.932384, 54.941474], [11.923676, 54.940823], [11.928559, 54.931383], [11.931163, 54.92772], [11.918468, 54.921942], [11.903331, 54.923], [11.890147, 54.929633], [11.882823, 54.940823], [11.88502, 54.955146], [11.894379, 54.964993], [11.901541, 54.976386], [11.897146, 54.995429], [11.904633, 54.996568], [11.908376, 54.998603], [11.911388, 55.000922], [11.91684, 55.002875], [11.913829, 55.003852], [11.911143, 55.003811], [11.909516, 55.00495], [11.910167, 55.009711], [11.943858, 55.00609], [11.998057, 54.976508], [12.03297, 54.968085], [12.055919, 54.970771], [12.089529, 54.985663], [12.104991, 54.989203], [12.128429, 54.989976], [12.148936, 54.994127], [12.162283, 55.004381], [12.163341, 55.023383], [12.125743, 55.071112], [12.1185, 55.073554], [12.128429, 55.078843], [12.149099, 55.085395], [12.157725, 55.089179], [12.16505, 55.091295], [12.171397, 55.095445], [12.177013, 55.105292], [12.16863, 55.128485], [12.130544, 55.135891], [12.046641, 55.140082], [12.017914, 55.153022], [12.012462, 55.157131], [12.014659, 55.167467], [12.02003, 55.170966], [12.027843, 55.172675], [12.036794, 55.177558], [12.056407, 55.185696], [12.076671, 55.181952], [12.088145, 55.168362], [12.08074, 55.146877], [12.090099, 55.142239], [12.098969, 55.141425], [12.107432, 55.145087], [12.115001, 55.153713], [12.10906, 55.170722], [12.121104, 55.191067], [12.141368, 55.207994], [12.167003, 55.217353], [12.182791, 55.2272], [12.392426, 55.255316], [12.444591, 55.276557], [12.450206, 55.27969], [12.465017, 55.290269], [12.450857, 55.317206], [12.4463, 55.331692], [12.444591, 55.348863], [12.434744, 55.363674], [12.41212, 55.379136], [12.368826, 55.400092], [12.352061, 55.404446], [12.290538, 55.406928], [12.273448, 55.410224], [12.224864, 55.434882], [12.19809, 55.487494], [12.24822, 55.546129], [12.248383, 55.546251], [12.312022, 55.58397], [12.331309, 55.595404], [12.331309, 55.595404], [12.403575, 55.619208], [12.423676, 55.618842], [12.436778, 55.614407], [12.448578, 55.608873], [12.465017, 55.605536], [12.487153, 55.609849], [12.496755, 55.621772], [12.503266, 55.634019], [12.541026, 55.648871], [12.581228, 55.693061], [12.602224, 55.708564], [12.592784, 55.719143], [12.589203, 55.72427], [12.587901, 55.729071], [12.589041, 55.735745], [12.594737, 55.752997], [12.595876, 55.774237], [12.597992, 55.787584], [12.602224, 55.797349], [12.589692, 55.809475], [12.57602, 55.829169], [12.565115, 55.851142], [12.560557, 55.86994], [12.554454, 55.88288], [12.540294, 55.898261], [12.512706, 55.920844], [12.512706, 55.92829], [12.525564, 55.939887], [12.552745, 55.979682], [12.567393, 55.996568], [12.608409, 56.028022], [12.621918, 56.043769], [12.570079, 56.068264], [12.540375, 56.075385], [12.505382, 56.093166], [12.486095, 56.099026], [12.414887, 56.099026], [12.328461, 56.126899], [12.245128, 56.12873], [12.165375, 56.103705], [12.012462, 56.030707], [11.917328, 55.997626], [11.865571, 55.972724], [11.848643, 55.948188], [11.865489, 55.939358], [11.894298, 55.942288], [11.970714, 55.959866], [11.992442, 55.960598], [12.01059, 55.955268], [12.026134, 55.941352], [12.049815, 55.888007], [12.053477, 55.873725], [12.053477, 55.838324], [12.095063, 55.729071], [12.092052, 55.706732], [12.069102, 55.674954], [12.060313, 55.653998], [12.026622, 55.662055], [12.011404, 55.669013], [12.005138, 55.678168], [12.009288, 55.680487], [12.040375, 55.674465], [12.031912, 55.687201], [12.017589, 55.695705], [12.00115, 55.698676], [11.985199, 55.694892], [11.982188, 55.6789], [11.959158, 55.665107], [11.930431, 55.65762], [11.910167, 55.660142], [11.923025, 55.67414], [11.958181, 55.693427], [11.965343, 55.704901], [11.972667, 55.721422], [11.990001, 55.722805], [12.026134, 55.715399], [12.051931, 55.73664], [12.049001, 55.775336], [12.031261, 55.816596], [12.012462, 55.845771], [12.004893, 55.853461], [12.000173, 55.856513], [11.996349, 55.86107], [11.992035, 55.873725], [11.993826, 55.881537], [11.997895, 55.892768], [11.99822, 55.902818], [11.988617, 55.907172], [11.969981, 55.912584], [11.934744, 55.933661], [11.91684, 55.934516], [11.909516, 55.915473], [11.933116, 55.886135], [11.953624, 55.853502], [11.937348, 55.825263], [11.919444, 55.819403], [11.884044, 55.813666], [11.869151, 55.804755], [11.852712, 55.782294], [11.844981, 55.76789], [11.841807, 55.756415], [11.844005, 55.752672], [11.853282, 55.739976], [11.855479, 55.732815], [11.854421, 55.732164], [11.852306, 55.730902], [11.810557, 55.679104], [11.797618, 55.669623], [11.779796, 55.660142], [11.787934, 55.676947], [11.793793, 55.68301], [11.794444, 55.687934], [11.787283, 55.701117], [11.763031, 55.721381], [11.746349, 55.731024], [11.73878, 55.725979], [11.729259, 55.723578], [11.684337, 55.721625], [11.669932, 55.722846], [11.657237, 55.730862], [11.664561, 55.737128], [11.682302, 55.741278], [11.762706, 55.749498], [11.763682, 55.756822], [11.75587, 55.772935], [11.745453, 55.789374], [11.73878, 55.797349], [11.720388, 55.798651], [11.70281, 55.793402], [11.687022, 55.786444], [11.673595, 55.783026], [11.624278, 55.780015], [11.607758, 55.783026], [11.607758, 55.790473], [11.626231, 55.790595], [11.63795, 55.796088], [11.656261, 55.810981], [11.671235, 55.814276], [11.702403, 55.809475], [11.717621, 55.810981], [11.731619, 55.830715], [11.712657, 55.8581], [11.663097, 55.907172], [11.672862, 55.91592], [11.685802, 55.919867], [11.717621, 55.920844], [11.713552, 55.910834], [11.711436, 55.907172], [11.727875, 55.902289], [11.743988, 55.903754], [11.750499, 55.910386], [11.73878, 55.920844], [11.747325, 55.932807], [11.775401, 55.95185], [11.779796, 55.961859], [11.768321, 55.970526], [11.747813, 55.968248], [11.711436, 55.955634], [11.64088, 55.943427], [11.599376, 55.942084], [11.581065, 55.95185], [11.426931, 55.965522], [11.400564, 55.961982], [11.272634, 55.996568], [11.281912, 55.978949], [11.304535, 55.967841], [11.384288, 55.950832], [11.448416, 55.948188], [11.477387, 55.941352], [11.510509, 55.908271], [11.505219, 55.86872], [11.47755, 55.841539], [11.44337, 55.845771], [11.421723, 55.831977], [11.398448, 55.826402], [11.373871, 55.828762], [11.348399, 55.838324], [11.354666, 55.830227], [11.372081, 55.815863], [11.375662, 55.807929], [11.374685, 55.801581], [11.369965, 55.787787], [11.368907, 55.779975], [11.364024, 55.765123], [11.352224, 55.755805], [11.336681, 55.750922], [11.302419, 55.746527], [11.268403, 55.732733], [11.252208, 55.729071], [11.216156, 55.728746], [11.199474, 55.731106], [11.190115, 55.736518], [11.176443, 55.729071], [11.218028, 55.708564], [11.192638, 55.700344], [11.163422, 55.70539], [11.137543, 55.719062], [11.121837, 55.736518], [11.13087, 55.741034], [11.141124, 55.743232], [11.151703, 55.743638], [11.162771, 55.742743], [11.162771, 55.749498], [11.128184, 55.746324], [11.065684, 55.732245], [11.033051, 55.729071], [10.875499, 55.742743], [10.875499, 55.736518], [10.891449, 55.731269], [10.943614, 55.729071], [10.960216, 55.724351], [10.968272, 55.718411], [10.974294, 55.710842], [10.98463, 55.701117], [11.008637, 55.692288], [11.071056, 55.676947], [11.087738, 55.660142], [10.929942, 55.667629], [10.929942, 55.660142], [11.039236, 55.643459], [11.087901, 55.626939], [11.132091, 55.595282], [11.145681, 55.576117], [11.148448, 55.557318], [11.13795, 55.542914], [11.111583, 55.537299], [11.098155, 55.536689], [11.088552, 55.53384], [11.082774, 55.526557], [11.080903, 55.513088], [11.085785, 55.507554], [11.097179, 55.509508], [11.115001, 55.516791], [11.13559, 55.515123], [11.151134, 55.510321], [11.16391, 55.501899], [11.176443, 55.489447], [11.196462, 55.453843], [11.204845, 55.431342], [11.200938, 55.42121], [11.213145, 55.415758], [11.214203, 55.403795], [11.204356, 55.391832], [11.183279, 55.38642], [11.171723, 55.385077], [11.15919, 55.381293], [11.147716, 55.375922], [11.138927, 55.369371], [11.128917, 55.36518], [11.114594, 55.364407], [11.087738, 55.365953], [11.087738, 55.358547], [11.101899, 55.33633], [11.108165, 55.331855], [11.123546, 55.331855], [11.13087, 55.338446], [11.135427, 55.346869], [11.142345, 55.352281], [11.152599, 55.353217], [11.167979, 55.352769], [11.182302, 55.350409], [11.190115, 55.345445], [11.188243, 55.335273], [11.176443, 55.331855], [11.161957, 55.330878], [11.152843, 55.328437], [11.16212, 55.319159], [11.217133, 55.290229], [11.235118, 55.284003], [11.241547, 55.27851], [11.23878, 55.254136], [11.241954, 55.248684], [11.265391, 55.249457], [11.276052, 55.251614], [11.286306, 55.25609], [11.28004, 55.242336], [11.267833, 55.235907], [11.253103, 55.236274], [11.238536, 55.242418], [11.245372, 55.214789], [11.260997, 55.200588], [11.285899, 55.19538], [11.320486, 55.194648], [11.299978, 55.201483], [11.299978, 55.208319], [11.368907, 55.208319], [11.382986, 55.211168], [11.41033, 55.22012], [11.423188, 55.22191], [11.492361, 55.204169], [11.506033, 55.208319], [11.524181, 55.202094], [11.599376, 55.191311], [11.636241, 55.181627], [11.649425, 55.180976], [11.663829, 55.1883], [11.678233, 55.199368], [11.695079, 55.208075], [11.717621, 55.208319], [11.733084, 55.200141], [11.734711, 55.188666], [11.726248, 55.176947], [11.711436, 55.167914], [11.728526, 55.154771], [11.785411, 55.157213], [11.806977, 55.146877], [11.809581, 55.138861], [11.803966, 55.134833], [11.717621, 55.125718], [11.743419, 55.100531], [11.805349, 55.073879], [11.827485, 55.050686], [11.775238, 55.05744], [11.669607, 55.085639], [11.615896, 55.092231], [11.630382, 55.081122], [11.646658, 55.072333], [11.665538, 55.066392], [11.72877, 55.064276], [11.73699, 55.062201], [11.750255, 55.052802], [11.755626, 55.050686], [11.774669, 55.04857], [11.841807, 55.030219], [11.853526, 55.020087], [11.872325, 54.989569], [11.882823, 54.981757], [11.882823, 54.975531], [11.862478, 54.96369], [11.848318, 54.959133], [11.841807, 54.964667], [11.837576, 54.966132], [11.814789, 54.952094], [11.803966, 54.948188], [11.792979, 54.951321], [11.773611, 54.965033], [11.759288, 54.968085], [11.749766, 54.965725], [11.711436, 54.948188], [11.711436, 54.940823], [11.731944, 54.935289], [11.742035, 54.925442], [11.745372, 54.911322], [11.745616, 54.893012], [11.749685, 54.873114], [11.76059, 54.863227], [11.776052, 54.856147], [11.793468, 54.84455], [11.799815, 54.836575], [11.800059, 54.831204], [11.798839, 54.825873], [11.800955, 54.817857], [11.805431, 54.809516], [11.809093, 54.804918], [11.855479, 54.776923], [11.865245, 54.765448], [11.87143, 54.760321], [11.882823, 54.756415], [11.872325, 54.739936], [11.875824, 54.729722], [11.889903, 54.724189], [11.910167, 54.721666], [11.88266, 54.696438], [11.870616, 54.680365], [11.869151, 54.659613], [11.876638, 54.646959], [11.909353, 54.609524], [11.923676, 54.598131], [11.928233, 54.58397], [11.949067, 54.56859], [11.969005, 54.56977], [11.971446, 54.605618], [11.960216, 54.66234], [11.960704, 54.694078], [11.975271, 54.707994], [11.98585, 54.712307], [12.012706, 54.731106], [12.022716, 54.735297], [12.028005, 54.743557], [12.067149, 54.786811], [12.081716, 54.796454], [12.170177, 54.838324], [12.170177, 54.84455], [12.139903, 54.864936], [12.111827, 54.889594], [12.096446, 54.898098], [12.078298, 54.897854], [12.05893, 54.894355], [12.040375, 54.893012]]}}, {"type": "Feature", "properties": {}, "geometry": {"type": "LineString", "coordinates": [[11.512218, 56.695461], [11.524587, 56.684719], [11.543712, 56.678656], [11.56422, 56.677436], [11.581065, 56.68122], [11.59254, 56.689846], [11.604259, 56.701158], [11.618012, 56.71133], [11.635753, 56.715969], [11.641938, 56.720649], [11.645193, 56.721991], [11.649425, 56.722154], [11.649425, 56.729641], [11.60613, 56.720404], [11.520844, 56.715399], [11.509532, 56.71015], [11.512218, 56.695461]]}}, {"type": "Feature", "properties": {}, "geometry": {"type": "LineString", "coordinates": [[8.825857, 56.743842], [8.839122, 56.75727], [8.854177, 56.779934], [8.867442, 56.791083], [8.860688, 56.794908], [8.853282, 56.797838], [8.861339, 56.797553], [8.868419, 56.798082], [8.874766, 56.80036], [8.881114, 56.805365], [8.863943, 56.809516], [8.855154, 56.81977], [8.847016, 56.853095], [8.843598, 56.858222], [8.839041, 56.86286], [8.836436, 56.869289], [8.83961, 56.879828], [8.843761, 56.88345], [8.867442, 56.89411], [8.875011, 56.891099], [8.88266, 56.886379], [8.887706, 56.87873], [8.88795, 56.866848], [8.895274, 56.870307], [8.900401, 56.874823], [8.908458, 56.887274], [8.920421, 56.919908], [8.922699, 56.922024], [8.920421, 56.930487], [8.910411, 56.944403], [8.908458, 56.948717], [8.911388, 56.956122], [8.923106, 56.968573], [8.928884, 56.97663], [8.91627, 56.979071], [8.90504, 56.96601], [8.890391, 56.95482], [8.867442, 56.962958], [8.833751, 56.92475], [8.81365, 56.910346], [8.791759, 56.914537], [8.762462, 56.905422], [8.703787, 56.900051], [8.675059, 56.89411], [8.668224, 56.893785], [8.659353, 56.894477], [8.651622, 56.894192], [8.648448, 56.890692], [8.64975, 56.874254], [8.651866, 56.866034], [8.655121, 56.866848], [8.646739, 56.85635], [8.62672, 56.841539], [8.621104, 56.832017], [8.632009, 56.82807], [8.643809, 56.825873], [8.656261, 56.825141], [8.668793, 56.825832], [8.643809, 56.808051], [8.573009, 56.802558], [8.545258, 56.791083], [8.548025, 56.787258], [8.551606, 56.777777], [8.553233, 56.768134], [8.548676, 56.763739], [8.539236, 56.762519], [8.530284, 56.759345], [8.522797, 56.755072], [8.518077, 56.750067], [8.514659, 56.738227], [8.524913, 56.737291], [8.555919, 56.743842], [8.562266, 56.743232], [8.586274, 56.736477], [8.61085, 56.722154], [8.621755, 56.713935], [8.648448, 56.681057], [8.658376, 56.678127], [8.686371, 56.686591], [8.766124, 56.698717], [8.771251, 56.715969], [8.812673, 56.734565], [8.825857, 56.743842]]}}, {"type": "Feature", "properties": {}, "geometry": {"type": "LineString", "coordinates": [[11.142345, 57.332343], [11.101927, 57.320417], [11.027723, 57.320691], [11.010084, 57.309873], [10.98687, 57.305993], [10.946601, 57.304643], [10.921263, 57.29228], [10.888425, 57.274865], [10.854991, 57.270901], [10.854991, 57.264635], [10.871104, 57.254625], [10.888799, 57.245344], [10.916537, 57.237369], [10.951815, 57.23373], [10.977962, 57.206733], [10.997905, 57.19791], [11.028835, 57.201914], [11.045138, 57.212715], [11.053517, 57.226202], [11.067166, 57.238362], [11.091101, 57.252784], [11.094165, 57.268996], [11.082693, 57.283881], [11.06658, 57.291327], [11.143231, 57.301351], [11.166876, 57.296775], [11.189113, 57.294283], [11.196502, 57.302821], [11.197276, 57.313381], [11.190115, 57.325507], [11.181488, 57.330308], [11.169932, 57.332709], [11.142345, 57.332343]]}}, {"type": "Feature", "properties": {}, "geometry": {"type": "LineString", "coordinates": [[11.73878, 58.058539], [11.716563, 58.064521], [11.698985, 58.059149], [11.681488, 58.050238], [11.659679, 58.045478], [11.567556, 58.045478], [11.52475, 58.050727], [11.50587, 58.046047], [11.497895, 58.028062], [11.505626, 58.013007], [11.524262, 58.009955], [11.54713, 58.009996], [11.567556, 58.003892], [11.554861, 58.002387], [11.527029, 58.005316], [11.515636, 58.0008], [11.512462, 57.992621], [11.516449, 57.983832], [11.522716, 57.975043], [11.52589, 57.96662], [11.527843, 57.954291], [11.533702, 57.95067], [11.560069, 57.949286], [11.566091, 57.945868], [11.572276, 57.940253], [11.581065, 57.935858], [11.594737, 57.935614], [11.603689, 57.940619], [11.611095, 57.948432], [11.618907, 57.95425], [11.639415, 57.951361], [11.650645, 57.95539], [11.659434, 57.963284], [11.667654, 57.990383], [11.679373, 58.006252], [11.695079, 58.015082], [11.711436, 58.011379], [11.706798, 57.999498], [11.710216, 57.992906], [11.719412, 57.992174], [11.731944, 57.997707], [11.735606, 58.003404], [11.745616, 58.031195], [11.740489, 58.03559], [11.738455, 58.04149], [11.73878, 58.058539]]}}, {"type": "Feature", "properties": {}, "geometry": {"type": "LineString", "coordinates": [[11.806977, 58.230414], [11.789399, 58.246405], [11.768565, 58.253648], [11.749848, 58.262885], [11.73878, 58.285102], [11.703461, 58.291246], [11.686371, 58.291205], [11.669932, 58.285102], [11.672699, 58.281195], [11.677419, 58.271389], [11.666759, 58.266303], [11.660004, 58.258124], [11.658539, 58.248114], [11.663097, 58.23725], [11.64796, 58.234036], [11.618419, 58.237616], [11.601573, 58.23725], [11.588227, 58.232896], [11.562673, 58.21955], [11.527843, 58.212795], [11.428966, 58.160956], [11.408865, 58.145697], [11.406586, 58.13109], [11.416026, 58.122504], [11.447439, 58.103461], [11.451182, 58.097073], [11.457693, 58.07217], [11.463878, 58.07217], [11.463878, 58.106879], [11.495616, 58.089911], [11.506033, 58.086412], [11.516287, 58.086005], [11.519867, 58.089545], [11.523692, 58.096666], [11.533946, 58.106879], [11.556488, 58.117865], [11.585297, 58.123114], [11.612315, 58.118598], [11.628917, 58.100084], [11.654633, 58.107978], [11.708181, 58.098212], [11.756684, 58.118313], [11.782725, 58.120307], [11.804698, 58.125718], [11.813813, 58.144477], [11.815278, 58.189276], [11.813731, 58.211371], [11.806977, 58.230414]]}}, {"type": "Feature", "properties": {}, "geometry": {"type": "LineString", "coordinates": [[8.634532, 54.542629], [8.627452, 54.539944], [8.620128, 54.537909], [8.602061, 54.529771], [8.595876, 54.513658], [8.60613, 54.499213], [8.618826, 54.492621], [8.641287, 54.492377], [8.66977, 54.501899], [8.692882, 54.523261], [8.700938, 54.547756], [8.698904, 54.55858], [8.634532, 54.542629]]}}, {"type": "Feature", "properties": {}, "geometry": {"type": "LineString", "coordinates": [[15.705333, 56.1164], [15.693533, 56.11758], [15.68336, 56.117499], [15.675304, 56.120103], [15.669119, 56.123928], [15.654959, 56.119452], [15.642345, 56.104641], [15.651134, 56.089993], [15.683279, 56.075385], [15.687673, 56.074612], [15.696788, 56.074286], [15.702159, 56.076728], [15.703624, 56.080715], [15.703298, 56.089423], [15.698497, 56.100531], [15.700857, 56.105658], [15.714366, 56.107001], [15.725841, 56.112982], [15.726899, 56.118354], [15.717784, 56.116604], [15.705333, 56.1164]]}}]}